Producto	Material	Línea	D nominal (mm)	Largo (m)	PN - Serie	D mínimo (mm)	D máximo (mm)	Espesor mínimo (mm)	Espesor máximo (mm)	Peso (kg/m)	Desv. Peso debajo	Desv. Peso arriba	Ovalidad (mm)	PHI 20°C (bar)	T Horno (°C)	Tiempo acond. (h)	Color Tubería	Color Línea
90mm x 6m R3 PN-20 S-2,5	PP-R	R3	90	6	PN-20 S-2,5	90,1	90,9	15,0	16,6	3,354733	3,2028	3,5067	1,8	64	135	2	GRIS(R3)	VERDE
90mm x 6m R3 PN-16 S-3,2	PP-R	R3	90	6	PN-16 S-3,2	90,1	90,9	12,3	13,7	2,863865	2,7207	3,0070	1,8	50	135	2	GRIS(R3)	ROJO
90mm x 6m R3 PN-10 S-5	PP-R	R3	90	6	PN-10 S-5	90,1	90,9	8,2	9,2	2,023206	1,9094	2,1370	1,8	32	135	2	GRIS(R3)	AZUL
90mm x 6m PP-H PN-10 S-5	PP-H	PP-H	90	6	PN-10 S-5	90,1	90,9	8,2	9,2	2,023206	1,9094	2,1370	1,8	42	150	2	GRIS(PP-H)	SIN LÍNEA
90mm x 6m PP-H PN-16 S-3,2	PP-H	PP-H	90	6	PN-16 S-3,2	90,1	90,9	12,3	13,7	2,863865	2,7207	3,0070	1,8	65,6	150	2	GRIS(PP-H)	SIN LÍNEA
90mm x 6m POLI-ONE/BETA PN-16 S-3,2	PP-RCT	POLI-ONE/BETA 	90	6	PN-16 S-3,2	90,1	90,9	12,3	13,7	2,851207	2,7087	2,9937	1,8	47	135	2	GRIS(P1)	ROJO
90mm x 6m POLI-ONE PN-16 S-3,2	PP-R	POLI-ONE	90	6	PN-16 S-3,2	90,1	90,9	12,3	13,7	2,863865	2,7207	3,0070	1,8	50	135	2	GRIS(P1)	ROJO
90mm x 6m POLI-ONE PN-10 S-5	PP-R	POLI-ONE	90	6	PN-10 S-5	90,1	90,9	8,2	9,2	2,023206	1,9094	2,1370	1,8	32	135	2	GRIS(P1)	AZUL
90mm x 12m HDPE PN-6 SDR-27,6	PE100	HDPE	90	12	PN-6 SDR-27,6	90,0	90,6	3,3	3,9	0,936428	0,8584	1,0145	1,8	9,3	110	1	NEGRO	AZUL
90mm x 12m SMARTCOLORS PN-6 SDR-27,6	PE100	SMARTCOLORS - HDPE	90	12	PN-6 SDR-27,6	90,0	90,6	3,3	3,9	0,936428	0,8584	1,0145	1,8	9,3	110	1		
90mm x 6m HDPE PN-6 SDR-27,6	PE100	HDPE	90	6	PN-6 SDR-27,6	90,0	90,6	3,3	3,9	0,936428	0,858393	1,014464	1,8	9,3	110	1	NEGRO	AZUL
90mm x 6m SMARTCOLORS PN-6 SDR-27,6	PE100	SMARTCOLORS - HDPE	90	6	PN-6 SDR-27,6	90,0	90,6	3,3	3,9	0,936428	0,8584	1,0145	1,8	9,3	110	1		
90mm x 50m HDPE PN-6 SDR-27,6	PE100	HDPE	90	50	PN-6 SDR-27,6	90,0	90,6	3,3	3,9	0,936428	0,858393	1,014464	1,8	9,3	110	1	NEGRO	AZUL
90mm x 50m SMARTCOLORS PN-6 SDR-27,6	PE100	SMARTCOLORS - HDPE	90	50	PN-6 SDR-27,6	90,0	90,6	3,3	3,9	0,936428	0,8584	1,0145	1,8	9,3	110	1		
90mm x 100m HDPE PN-6 SDR-27,6	PE100	HDPE	90	100	PN-6 SDR-27,6	90,0	90,6	3,3	3,9	0,936428	0,858393	1,014464	1,8	9,3	110	1	NEGRO	AZUL
90mm x 100m SMARTCOLORS PN-6 SDR-27,6	PE100	SMARTCOLORS - HDPE	90	100	PN-6 SDR-27,6	90,0	90,6	3,3	3,9	0,936428	0,8584	1,0145	1,8	9,3	110	1		
90mm x 6m HDPE PN-20 SDR-9	PE100	HDPE	90	6	PN-20 SDR-9	90,0	90,6	10,1	11,3	2,554806	2,421146	2,688466	1,8	31	110	2	NEGRO	AZUL
90mm x 6m SMARTCOLORS PN-20 SDR-9	PE100	SMARTCOLORS - HDPE	90	6	PN-20 SDR-9	90,0	90,6	10,1	11,3	2,554806	2,421146	2,688466	1,8	31	110	2		
90mm x 12m HDPE PN-20 SDR-9	PE100	HDPE	90	12	PN-20 SDR-9	90,0	90,6	10,1	11,3	2,554806	2,421146	2,688466	1,8	31	110	2	NEGRO	AZUL
90mm x 12m SMARTCOLORS PN-20 SDR-9	PE100	SMARTCOLORS - HDPE	90	12	PN-20 SDR-9	90,0	90,6	10,1	11,3	2,554806	2,421146	2,688466	1,8	31	110	2		
90mm x 50m HDPE PN-20 SDR-9	PE100	HDPE	90	50	PN-20 SDR-9	90,0	90,6	10,1	11,3	2,554806	2,421146	2,688466	1,8	31	110	2	NEGRO	AZUL
90mm x 50m SMARTCOLORS PN-20 SDR-9	PE100	SMARTCOLORS - HDPE	90	50	PN-20 SDR-9	90,0	90,6	10,1	11,3	2,554806	2,421146	2,688466	1,8	31	110	2		
90mm x 100m HDPE PN-20 SDR-9	PE100	HDPE	90	100	PN-20 SDR-9	90,0	90,6	10,1	11,3	2,554806	2,421146	2,688466	1,8	31	110	2	NEGRO	AZUL
90mm x 100m SMARTCOLORS PN-20 SDR-9	PE100	SMARTCOLORS - HDPE	90	100	PN-20 SDR-9	90,0	90,6	10,1	11,3	2,554806	2,421146	2,688466	1,8	31	110	2		
90mm x 150m HDPE PN-20 SDR-9	PE100	HDPE	90	150	PN-20 SDR-9	90,0	90,6	10,1	11,3	2,554806	2,421146	2,688466	1,8	31	110	2	NEGRO	AZUL
90mm x 150m SMARTCOLORS PN-20 SDR-9	PE100	SMARTCOLORS - HDPE	90	150	PN-20 SDR-9	90,0	90,6	10,1	11,3	2,554806	2,421146	2,688466	1,8	31	110	2		
90mm x 6m HDPE PN-16 SDR-11	PE100	HDPE	90	6	PN-16 SDR-11	90,0	90,6	8,2	9,2	2,129615	2,012427	2,246804	1,8	24,8	110	2	NEGRO	AZUL
90mm x 6m SMARTCOLORS PN-16 SDR-11	PE100	SMARTCOLORS - HDPE	90	6	PN-16 SDR-11	90,0	90,6	8,2	9,2	2,129615	2,012427	2,246804	1,8	24,8	110	2		
90mm x 12m HDPE PN-16 SDR-11	PE100	HDPE	90	12	PN-16 SDR-11	90,0	90,6	8,2	9,2	2,129615	2,012427	2,246804	1,8	24,8	110	2	NEGRO	AZUL
90mm x 12m SMARTCOLORS PN-16 SDR-11	PE100	SMARTCOLORS - HDPE	90	12	PN-16 SDR-11	90,0	90,6	8,2	9,2	2,129615	2,012427	2,246804	1,8	24,8	110	2		
90mm x 50m HDPE PN-16 SDR-11	PE100	HDPE	90	50	PN-16 SDR-11	90,0	90,6	8,2	9,2	2,129615	2,012427	2,246804	1,8	24,8	110	2	NEGRO	AZUL
90mm x 50m SMARTCOLORS PN-16 SDR-11	PE100	SMARTCOLORS - HDPE	90	50	PN-16 SDR-11	90,0	90,6	8,2	9,2	2,129615	2,012427	2,246804	1,8	24,8	110	2		
90mm x 100m HDPE PN-16 SDR-11	PE100	HDPE	90	100	PN-16 SDR-11	90,0	90,6	8,2	9,2	2,129615	2,012427	2,246804	1,8	24,8	110	2	NEGRO	AZUL
90mm x 100m SMARTCOLORS PN-16 SDR-11	PE100	SMARTCOLORS - HDPE	90	100	PN-16 SDR-11	90,0	90,6	8,2	9,2	2,129615	2,012427	2,246804	1,8	24,8	110	2		
90mm x 200m HDPE PN-16 SDR-11	PE100	HDPE	90	200	PN-16 SDR-11	90,0	90,6	8,2	9,2	2,129615	2,012427	2,246804	1,8	24,8	110	2	NEGRO	AZUL
90mm x 150m HDPE PN-16 SDR-11	PE100	HDPE	90	150	PN-16 SDR-11	90,0	90,6	8,2	9,2	2,129615	2,012427	2,246804	1,8	24,8	110	2	NEGRO	AZUL
90mm x 200m SMARTCOLORS PN-16 SDR-11	PE100	SMARTCOLORS - HDPE	90	200	PN-16 SDR-11	90,0	90,6	8,2	9,2	2,129615	2,012427	2,246804	1,8	24,8	110	2		
90mm x 150m SMARTCOLORS PN-16 SDR-11	PE100	SMARTCOLORS - HDPE	90	150	PN-16 SDR-11	90,0	90,6	8,2	9,2	2,129615	2,012427	2,246804	1,8	24,8	110	2		
90mm x 6m HDPE PN-12,5 SDR-13,6	PE100	HDPE	90	6	PN-12,5 SDR-13,6	90,0	90,6	6,7	7,5	1,772169	1,674452	1,869886	1,8	19,7	110	1	NEGRO	AZUL
90mm x 12m HDPE PN-12,5 SDR-13,6	PE100	HDPE	90	12	PN-12,5 SDR-13,6	90,0	90,6	6,7	7,5	1,772169	1,674452	1,869886	1,8	19,7	110	1	NEGRO	AZUL
90mm x 50m HDPE PN-12,5 SDR-13,6	PE100	HDPE	90	50	PN-12,5 SDR-13,6	90,0	90,6	6,7	7,5	1,772169	1,674452	1,869886	1,8	19,7	110	1	NEGRO	AZUL
90mm x 100m HDPE PN-12,5 SDR-13,6	PE100	HDPE	90	100	PN-12,5 SDR-13,6	90,0	90,6	6,7	7,5	1,772169	1,674452	1,869886	1,8	19,7	110	1	NEGRO	AZUL
90mm x 150m HDPE PN-12,5 SDR-13,6	PE100	HDPE	90	150	PN-12,5 SDR-13,6	90,0	90,6	6,7	7,5	1,772169	1,674452	1,869886	1,8	19,7	110	1	NEGRO	AZUL
90mm x 6m SMARTCOLORS PN-12,5 SDR-13,6	PE100	SMARTCOLORS - HDPE	90	6	PN-12,5 SDR-13,6	90,0	90,6	6,7	7,5	1,772169	1,674452	1,869886	1,8	19,7	110	1		
90mm x 12m SMARTCOLORS PN-12,5 SDR-13,6	PE100	SMARTCOLORS - HDPE	90	12	PN-12,5 SDR-13,6	90,0	90,6	6,7	7,5	1,772169	1,674452	1,869886	1,8	19,7	110	1		
90mm x 50m SMARTCOLORS PN-12,5 SDR-13,6	PE100	SMARTCOLORS - HDPE	90	50	PN-12,5 SDR-13,6	90,0	90,6	6,7	7,5	1,772169	1,674452	1,869886	1,8	19,7	110	1		
90mm x 100m SMARTCOLORS PN-12,5 SDR-13,6	PE100	SMARTCOLORS - HDPE	90	100	PN-12,5 SDR-13,6	90,0	90,6	6,7	7,5	1,772169	1,674452	1,869886	1,8	19,7	110	1		
90mm x 150m SMARTCOLORS PN-12,5 SDR-13,6	PE100	SMARTCOLORS - HDPE	90	150	PN-12,5 SDR-13,6	90,0	90,6	6,7	7,5	1,772169	1,674452	1,869886	1,8	19,7	110	1		
90mm x 6m HDPE PN-10 SDR-17	PE100	HDPE	90	6	PN-10 SDR-17	90,0	90,6	5,4	6,1	1,458541	1,370620	1,546463	1,8	15,5	110	1	NEGRO	AZUL
90mm x 12m HDPE PN-10 SDR-17	PE100	HDPE	90	12	PN-10 SDR-17	90,0	90,6	5,4	6,1	1,458541	1,370620	1,546463	1,8	15,5	110	1	NEGRO	AZUL
90mm x 50m HDPE PN-10 SDR-17	PE100	HDPE	90	50	PN-10 SDR-17	90,0	90,6	5,4	6,1	1,458541	1,370620	1,546463	1,8	15,5	110	1	NEGRO	AZUL
90mm x 100m HDPE PN-10 SDR-17	PE100	HDPE	90	100	PN-10 SDR-17	90,0	90,6	5,4	6,1	1,458541	1,370620	1,546463	1,8	15,5	110	1	NEGRO	AZUL
90mm x 200m HDPE PN-10 SDR-17	PE100	HDPE	90	200	PN-10 SDR-17	90,0	90,6	5,4	6,1	1,458541	1,370620	1,546463	1,8	15,5	110	1	NEGRO	AZUL
90mm x 150m HDPE PN-10 SDR-17	PE100	HDPE	90	150	PN-10 SDR-17	90,0	90,6	5,4	6,1	1,458541	1,370620	1,546463	1,8	15,5	110	1	NEGRO	AZUL
90mm x 6m SMARTCOLORS PN-10 SDR-17	PE100	SMARTCOLORS - HDPE	90	6	PN-10 SDR-17	90,0	90,6	5,4	6,1	1,458541	1,370620	1,546463	1,8	15,5	110	1		
90mm x 12m SMARTCOLORS PN-10 SDR-17	PE100	SMARTCOLORS - HDPE	90	12	PN-10 SDR-17	90,0	90,6	5,4	6,1	1,458541	1,370620	1,546463	1,8	15,5	110	1		
90mm x 200m SMARTCOLORS PN-10 SDR-17	PE100	SMARTCOLORS - HDPE	90	200	PN-10 SDR-17	90,0	90,6	5,4	6,1	1,458541	1,370620	1,546463	1,8	15,5	110	1		
90mm x 50m SMARTCOLORS PN-10 SDR-17	PE100	SMARTCOLORS - HDPE	90	50	PN-10 SDR-17	90,0	90,6	5,4	6,1	1,458541	1,370620	1,546463	1,8	15,5	110	1		
90mm x 100m SMARTCOLORS PN-10 SDR-17	PE100	SMARTCOLORS - HDPE	90	100	PN-10 SDR-17	90,0	90,6	5,4	6,1	1,458541	1,370620	1,546463	1,8	15,5	110	1		
90mm x 150m SMARTCOLORS PN-10 SDR-17	PE100	SMARTCOLORS - HDPE	90	150	PN-10 SDR-17	90,0	90,6	5,4	6,1	1,458541	1,370620	1,546463	1,8	15,5	110	1		
90mm x 200m SMARTCOLORS PN-16 SDR-11	PE100	SMARTCOLORS - HDPE	90	200	PN-16 SDR-11	90,0	90,6	8,2	9,2	2,129615	2,012427	2,246804	1,8	15,5	110	2		
90mm x 200m SMARTCOLORS PN-10 SDR-17	PE100	SMARTCOLORS - HDPE	90	200	PN-10 SDR-17	90,0	90,6	5,4	6,1	1,458541	1,370620	1,546463	1,8	15,5	110	1		
90mm x 6m BETA/FIBRA/BOX	PP-RCT/FV/BOX	EVO	90	6		90,5	91,3	12,5	13,9	2,871948	2,7309	3,0130	1,8			2	GRIS(BETA)	SIN LÍNEA
200mm x 5m BETA/FIBRA PN-16 S-3,2	PP-RCT/FV	BETA/FIBRA	200	5	PN-16 S-3,2	200,1	201,8	27,4	30,3	14,659797	13,9740	15,3456	4,0	47	135	4	GRIS(BETA)	NARANJA
90mm x 6m BETA/FIBRA PN-16 S-3,2	PP-RCT/FV	BETA/FIBRA	90	6	PN-16 S-3,2	90,1	90,9	12,3	13,7	2,974623	2,8259	3,1233	1,8	47	135	2	GRIS(BETA)	NARANJA
90mm x 6m BETA/FIBRA PN-12,5 S-4	PP-RCT/FV	BETA/FIBRA	90	6	PN-12,5 S-4	90,1	90,9	10,1	11,3	2,521175	2,3861	2,6562	1,8	38	135	2	GRIS(BETA)	NARANJA
90mm x 6m BETA/FIBRA PN-10 S-5	PP-RCT/FV	BETA/FIBRA	90	6	PN-10 S-5	90,1	90,9	8,2	9,2	2,101452	1,9832	2,2197	1,8	30	135	2	GRIS(BETA)	NARANJA
90mm x 6m BETA PN-16 S-3,2	PP-RCT	BETA	90	6	PN-16 S-3,2	90,1	90,9	12,3	13,7	2,851207	2,7087	2,9937	1,8	47	135	2	GRIS(BETA)	ROJO
90mm x 6m BETA PN-12,5 S-4	PP-RCT	BETA	90	6	PN-12,5 S-4	90,1	90,9	10,1	11,3	2,416573	2,2871	2,5460	1,8	38	135	2	GRIS(BETA)	BLANCO
90mm x 6m BETA PN-10 S-5 	PP-RCT	BETA	90	6	PN-10 S-5	90,1	90,9	8,2	9,2	2,014264	1,9010	2,1276	1,8	30	135	2	GRIS(BETA)	AZUL
90mm x 200m SMARTCOLORS PN-20 SDR-9	PE100	SMARTCOLORS - HDPE	90	200	PN-20 SDR-9	90,0	90,6	10,1	11,3	2,554806	2,421146	2,688466	1,8	31	110	2		
90mm x 5m R3 PN-20 S-2,5	PP-R	R3	90	5	PN-20 S-2,5	90,1	90,9	15,0	16,6	3,354733	3,2028	3,5067	1,8	64	135	2	GRIS(R3)	VERDE
90mm x 5m R3 PN-16 S-3,2	PP-R	R3	90	5	PN-16 S-3,2	90,1	90,9	12,3	13,7	2,863865	2,7207	3,0070	1,8	50	135	2	GRIS(R3)	ROJO
90mm x 5m R3 PN-10 S-5	PP-R	R3	90	5	PN-10 S-5	90,1	90,9	8,2	9,2	2,023206	1,9094	2,1370	1,8	32	135	2	GRIS(R3)	AZUL
90mm x 5m BETA/FIBRA PN-16 S-3,2	PP-RCT/FV	BETA/FIBRA	90	5	PN-16 S-3,2	90,1	90,9	12,3	13,7	2,974623	2,8259	3,1233	1,8	47	135	2	GRIS(BETA)	NARANJA
90mm x 5m BETA/FIBRA PN-10 S-5	PP-RCT/FV	BETA/FIBRA	90	5	PN-10 S-5	90,1	90,9	8,2	9,2	2,101452	1,9832	2,2197	1,8	30	135	2	GRIS(BETA)	NARANJA
90mm x 5m BETA PN-12,5 S-4	PP-RCT	BETA	90	5	PN-12,5 S-4	90,1	90,9	10,1	11,3	2,416573	2,2871	2,5460	1,8	38	135	2	GRIS(BETA)	BLANCO
90mm x 12m BETA/FIBRA PN-16 S-3,2	PP-RCT/FV	BETA/FIBRA	90	12	PN-16 S-3,2	90,1	90,9	12,3	13,7	2,974623	2,8259	3,1233	1,8	47	135	2	GRIS(BETA)	NARANJA
90 mm X  6m POLI-ONE PN-20  S- 2,5	PP-R	POLI-ONE	90	6	PN-20 S-2,5	90,1	90,9	15,0	16,6	3,354733	3,2028	3,5067	1,8	64	135	2	GRIS(P1)	VERDE
75mm x 6m R3 PN-20 S-2,5	PP-R	R3	75	6	PN-20 S-2,5	75,1	75,7	12,7	14,1	2,361284	2,2531	2,4694	1,6	64	135	2	GRIS(R3)	VERDE
75mm x 6m R3 PN-16 S-3,2	PP-R	R3	75	6	PN-16 S-3,2	75,1	75,7	10,3	11,5	1,998357	1,8976	2,0991	1,6	50	135	2	GRIS(R3)	ROJO
75mm x 6m R3 PN-10 S-5	PP-R	R3	75	6	PN-10 S-5	75,1	75,7	6,8	7,6	1,395981	1,3205	1,4715	1,6	32	135	1	GRIS(R3)	AZUL
75mm x 6m PP-H PN-16 S-3,2	PP-H	PP-H	75	6	PN-16 S-3,2	75,1	75,7	10,3	11,5	1,998357	1,8976	2,0991	1,6	65,6	150	2	GRIS(PP-H)	SIN LÍNEA
75mm x 6m SMART PIPE/PP-RCT PN-16 S-3,2	PP-RCT	SMART PIPE/PP-RCT	75	6	PN-16 S-3,2	75,1	75,7	10,3	11,5	1,989525	1,8892	2,0898	1,6	47	135	2	GRIS(BETA)	ROJO
75mm x 6m POLI-ONE/BETA PN-16 S-3,2	PP-RCT	POLI-ONE/BETA	75	6	PN-16 S-3,2	75,1	75,7	10,3	11,5	1,989525	1,8892	2,0898	1,6	47	135	2	GRIS(P1)	ROJO
75mm x 6m POLI-ONE PN-20 S-2,5	PP-R	POLI-ONE	75	6	PN-20 S-2,5	75,1	75,7	12,7	14,1	2,361284	2,2531	2,4694	1,6	64	135	2	GRIS(P1)	VERDE
75mm x 6m POLI-ONE PN-16 S-3,2	PP-R	POLI-ONE	75	6	PN-16 S-3,2	75,1	75,7	10,3	11,5	1,998357	1,8976	2,0991	1,6	50	135	2	GRIS(P1)	ROJO
75mm x 6m POLI-ONE PN-10 S-5	PP-R	POLI-ONE	75	6	PN-10 S-5	75,1	75,7	6,8	7,6	1,395981	1,3205	1,4715	1,6	32	135	1	GRIS(P1)	AZUL
75mm x 6m HDPE PN-6 SDR-27,6	PE100	HDPE	75	6	PN-6 SDR-27,6	75,0	75,5	2,8	3,3	0,660678	0,606524	0,714832	1,6	9,3	110	1	NEGRO	AZUL
75mm x 12m HDPE PN-6 SDR-27,6	PE100	HDPE	75	12	PN-6 SDR-27,6	75,0	75,5	2,8	3,3	0,660678	0,606524	0,714832	1,6	9,3	110	1	NEGRO	AZUL
75mm x 50m HDPE PN-6 SDR-27,6	PE100	HDPE	75	50	PN-6 SDR-27,6	75,0	75,5	2,8	3,3	0,660678	0,606524	0,714832	1,6	9,3	110	1	NEGRO	AZUL
75mm x 100m HDPE PN-6 SDR-27,6	PE100	HDPE	75	100	PN-6 SDR-27,6	75,0	75,5	2,8	3,3	0,660678	0,606524	0,714832	1,6	9,3	110	1	NEGRO	AZUL
75mm x 150m HDPE PN-6 SDR-27,6	PE100	HDPE	75	150	PN-6 SDR-27,6	75,0	75,5	2,8	3,3	0,660678	0,606524	0,714832	1,6	9,3	110	1	NEGRO	AZUL
75mm x 6m SMARTCOLORS PN-6 SDR-27,6	PE100	SMARTCOLORS - HDPE	75	6	PN-6 SDR-27,6	75,0	75,5	2,8	3,3	0,660678	0,606524	0,714832	1,6	9,3	110	1		
75mm x 12m SMARTCOLORS PN-6 SDR-27,6	PE100	SMARTCOLORS - HDPE	75	12	PN-6 SDR-27,6	75,0	75,5	2,8	3,3	0,660678	0,606524	0,714832	1,6	9,3	110	1		
75mm x 50m SMARTCOLORS PN-6 SDR-27,6	PE100	SMARTCOLORS - HDPE	75	50	PN-6 SDR-27,6	75,0	75,5	2,8	3,3	0,660678	0,606524	0,714832	1,6	9,3	110	1		
75mm x 100m SMARTCOLORS PN-6 SDR-27,6	PE100	SMARTCOLORS - HDPE	75	100	PN-6 SDR-27,6	75,0	75,5	2,8	3,3	0,660678	0,606524	0,714832	1,6	9,3	110	1		
75mm x 150m SMARTCOLORS PN-6 SDR-27,6	PE100	SMARTCOLORS - HDPE	75	150	PN-6 SDR-27,6	75,0	75,5	2,8	3,3	0,660678	0,606524	0,714832	1,6	9,3	110	1		
75mm x 6m HDPE PN-20 SDR-9	PE100	HDPE	75	6	PN-20 SDR-9	75,0	75,5	8,4	9,4	1,771299	1,678442	1,864156	1,6	31	110	2	NEGRO	AZUL
75mm x 12m HDPE PN-20 SDR-9	PE100	HDPE	75	12	PN-20 SDR-9	75,0	75,5	8,4	9,4	1,771299	1,678442	1,864156	1,6	31	110	2	NEGRO	AZUL
75mm x 50m HDPE PN-20 SDR-9	PE100	HDPE	75	50	PN-20 SDR-9	75,0	75,5	8,4	9,4	1,771299	1,678442	1,864156	1,6	31	110	2	NEGRO	AZUL
75mm x 100m HDPE PN-20 SDR-9	PE100	HDPE	75	100	PN-20 SDR-9	75,0	75,5	8,4	9,4	1,771299	1,678442	1,864156	1,6	31	110	2	NEGRO	AZUL
75mm x 150m HDPE PN-20 SDR-9	PE100	HDPE	75	150	PN-20 SDR-9	75,0	75,5	8,4	9,4	1,771299	1,678442	1,864156	1,6	31	110	2	NEGRO	AZUL
75mm x 6m SMARTCOLORS PN-20 SDR-9	PE100	SMARTCOLORS - HDPE	75	6	PN-20 SDR-9	75,0	75,5	8,4	9,4	1,771299	1,678442	1,864156	1,6	31	110	2		
75mm x 12m SMARTCOLORS PN-20 SDR-9	PE100	SMARTCOLORS - HDPE	75	12	PN-20 SDR-9	75,0	75,5	8,4	9,4	1,771299	1,678442	1,864156	1,6	31	110	2		
75mm x 50m SMARTCOLORS PN-20 SDR-9	PE100	SMARTCOLORS - HDPE	75	50	PN-20 SDR-9	75,0	75,5	8,4	9,4	1,771299	1,678442	1,864156	1,6	31	110	2		
75mm x 100m SMARTCOLORS PN-20 SDR-9	PE100	SMARTCOLORS - HDPE	75	100	PN-20 SDR-9	75,0	75,5	8,4	9,4	1,771299	1,678442	1,864156	1,6	31	110	2		
75mm x 150m SMARTCOLORS PN-20 SDR-9	PE100	SMARTCOLORS - HDPE	75	150	PN-20 SDR-9	75,0	75,5	8,4	9,4	1,771299	1,678442	1,864156	1,6	31	110	2		
75mm x 6m HDPE PN-16 SDR-11	PE100	HDPE	75	6	PN-16 SDR-11	75,0	75,5	6,8	7,6	1,469807	1,391381	1,548233	1,6	24,8	110	1	NEGRO	AZUL
75mm x 12m HDPE PN-16 SDR-11	PE100	HDPE	75	12	PN-16 SDR-11	75,0	75,5	6,8	7,6	1,469807	1,391381	1,548233	1,6	24,8	110	1	NEGRO	AZUL
75mm x 50m HDPE PN-16 SDR-11	PE100	HDPE	75	50	PN-16 SDR-11	75,0	75,5	6,8	7,6	1,469807	1,391381	1,548233	1,6	24,8	110	1	NEGRO	AZUL
75mm x 100m HDPE PN-16 SDR-11	PE100	HDPE	75	100	PN-16 SDR-11	75,0	75,5	6,8	7,6	1,469807	1,391381	1,548233	1,6	24,8	110	1	NEGRO	AZUL
75mm x 150m HDPE PN-16 SDR-11	PE100	HDPE	75	150	PN-16 SDR-11	75,0	75,5	6,8	7,6	1,469807	1,391381	1,548233	1,6	24,8	110	1	NEGRO	AZUL
75mm x 6m SMARTCOLORS PN-16 SDR-11	PE100	SMARTCOLORS - HDPE	75	6	PN-16 SDR-11	75,0	75,5	6,8	7,6	1,469807	1,391381	1,548233	1,6	24,8	110	1		
75mm x 12m SMARTCOLORS PN-16 SDR-11	PE100	SMARTCOLORS - HDPE	75	12	PN-16 SDR-11	75,0	75,5	6,8	7,6	1,469807	1,391381	1,548233	1,6	24,8	110	1		
75mm x 50m SMARTCOLORS PN-16 SDR-11	PE100	SMARTCOLORS - HDPE	75	50	PN-16 SDR-11	75,0	75,5	6,8	7,6	1,469807	1,391381	1,548233	1,6	24,8	110	1		
75mm x 100m SMARTCOLORS PN-16 SDR-11	PE100	SMARTCOLORS - HDPE	75	100	PN-16 SDR-11	75,0	75,5	6,8	7,6	1,469807	1,391381	1,548233	1,6	24,8	110	1		
75mm x 150m SMARTCOLORS PN-16 SDR-11	PE100	SMARTCOLORS - HDPE	75	150	PN-16 SDR-11	75,0	75,5	6,8	7,6	1,469807	1,391381	1,548233	1,6	24,8	110	1		
75mm x 6m HDPE PN-12,5 SDR-13,6	PE100	HDPE	75	6	PN-12,5 SDR-13,6	75,0	75,5	5,6	6,3	1,236990	1,166005	1,307975	1,6	19,7	110	1	NEGRO	AZUL
75mm x 12m HDPE PN-12,5 SDR-13,6	PE100	HDPE	75	12	PN-12,5 SDR-13,6	75,0	75,5	5,6	6,3	1,236990	1,166005	1,307975	1,6	19,7	110	1	NEGRO	AZUL
75mm x 50m HDPE PN-12,5 SDR-13,6	PE100	HDPE	75	50	PN-12,5 SDR-13,6	75,0	75,5	5,6	6,3	1,236990	1,166005	1,307975	1,6	19,7	110	1	NEGRO	AZUL
75mm x 100m HDPE PN-12,5 SDR-13,6	PE100	HDPE	75	100	PN-12,5 SDR-13,6	75,0	75,5	5,6	6,3	1,236990	1,166005	1,307975	1,6	19,7	110	1	NEGRO	AZUL
75mm x 150m HDPE PN-12,5 SDR-13,6	PE100	HDPE	75	150	PN-12,5 SDR-13,6	75,0	75,5	5,6	6,3	1,236990	1,166005	1,307975	1,6	19,7	110	1	NEGRO	AZUL
75mm x 6m SMARTCOLORS PN-12,5 SDR-13,6	PE100	SMARTCOLORS - HDPE	75	6	PN-12,5 SDR-13,6	75,0	75,5	5,6	6,3	1,236990	1,166005	1,307975	1,6	19,7	110	1		
75mm x 12m SMARTCOLORS PN-12,5 SDR-13,6	PE100	SMARTCOLORS - HDPE	75	12	PN-12,5 SDR-13,6	75,0	75,5	5,6	6,3	1,236990	1,166005	1,307975	1,6	19,7	110	1		
75mm x 50m SMARTCOLORS PN-12,5 SDR-13,6	PE100	SMARTCOLORS - HDPE	75	50	PN-12,5 SDR-13,6	75,0	75,5	5,6	6,3	1,236990	1,166005	1,307975	1,6	19,7	110	1		
75mm x 100m SMARTCOLORS PN-12,5 SDR-13,6	PE100	SMARTCOLORS - HDPE	75	100	PN-12,5 SDR-13,6	75,0	75,5	5,6	6,3	1,236990	1,166005	1,307975	1,6	19,7	110	1		
75mm x 150m SMARTCOLORS PN-12,5 SDR-13,6	PE100	SMARTCOLORS - HDPE	75	150	PN-12,5 SDR-13,6	75,0	75,5	5,6	6,3	1,236990	1,166005	1,307975	1,6	19,7	110	1		
75mm x 6m HDPE PN-10 SDR-17	PE100	HDPE	75	6	PN-10 SDR-17	75,0	75,5	4,5	5,1	1,014509	0,951819	1,077198	1,6	15,5	110	1	NEGRO	AZUL
75mm x 12m HDPE PN-10 SDR-17	PE100	HDPE	75	12	PN-10 SDR-17	75,0	75,5	4,5	5,1	1,014509	0,951819	1,077198	1,6	15,5	110	1	NEGRO	AZUL
75mm x 50m HDPE PN-10 SDR-17	PE100	HDPE	75	50	PN-10 SDR-17	75,0	75,5	4,5	5,1	1,014509	0,951819	1,077198	1,6	15,5	110	1	NEGRO	AZUL
75mm x 100m HDPE PN-10 SDR-17	PE100	HDPE	75	100	PN-10 SDR-17	75,0	75,5	4,5	5,1	1,014509	0,951819	1,077198	1,6	15,5	110	1	NEGRO	AZUL
75mm x 150m HDPE PN-10 SDR-17	PE100	HDPE	75	150	PN-10 SDR-17	75,0	75,5	4,5	5,1	1,014509	0,951819	1,077198	1,6	15,5	110	1	NEGRO	AZUL
75mm x 6m SMARTCOLORS PN-10 SDR-17	PE100	SMARTCOLORS - HDPE	75	6	PN-10 SDR-17	75,0	75,5	4,5	5,1	1,014509	0,951819	1,077198	1,6	15,5	110	1		
75mm x 12m SMARTCOLORS PN-10 SDR-17	PE100	SMARTCOLORS - HDPE	75	12	PN-10 SDR-17	75,0	75,5	4,5	5,1	1,014509	0,951819	1,077198	1,6	15,5	110	1		
75mm x 50m SMARTCOLORS PN-10 SDR-17	PE100	SMARTCOLORS - HDPE	75	50	PN-10 SDR-17	75,0	75,5	4,5	5,1	1,014509	0,951819	1,077198	1,6	15,5	110	1		
75mm x 100m SMARTCOLORS PN-10 SDR-17	PE100	SMARTCOLORS - HDPE	75	100	PN-10 SDR-17	75,0	75,5	4,5	5,1	1,014509	0,951819	1,077198	1,6	15,5	110	1		
75mm x 150m SMARTCOLORS PN-10 SDR-17	PE100	SMARTCOLORS - HDPE	75	150	PN-10 SDR-17	75,0	75,5	4,5	5,1	1,014509	0,951819	1,077198	1,6	15,5	110	1		
75mm x 6m CHAQUETA PP-UV S-20	PP-R	CHAQUETA PP-UV	75	6	S-20	75,0	75,4	1,9	2,3	0,436450	0,3949	0,4780	1,6		150	1	GRIS(AQS)	SIN LÍNEA
75mm x 6m BETA/FIBRA/BOX	PP-RCT/FV/BOX	EVO	75	6		75,5	76,1	10,5	11,7	2,036400	1,9359	2,1369	1,6			2	GRIS(BETA)	SIN LÍNEA
75mm x 6m BETA/FIBRA PN-16 S-3,2	PP-RCT/FV	BETA/FIBRA	75	6	PN-16 S-3,2	75,1	75,7	10,3	11,5	2,075642	1,9710	2,1803	1,6	47	135	2	GRIS(BETA)	NARANJA
75mm x 6m BETA/FIBRA PN-12,5 S-4	PP-RCT/FV	BETA/FIBRA	75	6	PN-12,5 S-4	75,1	75,7	8,4	9,4	1,747494	1,6546	1,8404	1,6	38	135	2	GRIS(BETA)	NARANJA
75mm x 6m BETA/FIBRA PN-10 S-5	PP-RCT/FV	BETA/FIBRA	75	6	PN-10 S-5	75,1	75,7	6,8	7,6	1,449969	1,3715	1,5284	1,6	30	135	1	GRIS(BETA)	NARANJA
75mm x 6m BETA PN-16 S-3,2	PP-RCT	BETA	75	6	PN-16 S-3,2	75,1	75,7	10,3	11,5	1,989525	1,8892	2,0898	1,6	47	135	2	GRIS(BETA)	ROJO
75mm x 6m BETA PN-12,5 S-4	PP-RCT	BETA	75	6	PN-12,5 S-4	75,1	75,7	8,4	9,4	1,674991	1,5859	1,7641	1,6	38	135	2	GRIS(BETA)	BLANCO
75mm x 6m BETA PN-10 S-5	PP-RCT	BETA	75	6	PN-10 S-5	75,1	75,7	6,8	7,6	1,389811	1,3146	1,4650	1,6	30	135	1	GRIS(BETA)	AZUL
315mm x 6m HDPE PN-20 SDR-9	PE100	HDPE	315	6	PN-20 SDR-9	315,0	316,9	35,2	38,9	29,374118	28,0020	30,7463	11,1	31	110	1	NEGRO	AZUL
315mm x 12m HDPE PN-20 SDR-9	PE100	HDPE	315	12	PN-20 SDR-9	315,0	316,9	35,2	38,9	29,374118	28,0020	30,7463	11,1	31	110	1	NEGRO	AZUL
315mm x 6m SMARTCOLORS PN-20 SDR-9	PE100	SMARTCOLORS - HDPE	315	6	PN-20 SDR-9	315,0	316,9	35,2	38,9	29,374118	28,0020	30,7463	11,1	31	110	1		
315mm x 12m SMARTCOLORS PN-20 SDR-9	PE100	SMARTCOLORS - HDPE	315	12	PN-20 SDR-9	315,0	316,9	35,2	38,9	29,374118	28,0020	30,7463	11,1	31	110	1		
75mm x 6m AQUASYSTEM TRICAPA S-20	PP-R	AQUASYSTEM TRICAPA	75	6	S-20	75,0	75,4	1,9	2,3	0,436450	0,3949	0,4780	1,6		150	1	GRIS(AQS)	SIN LÍNEA
75mm x 6m AQUASYSTEM IPS S-14	PP-R100/CACO3	AQUASYSTEM IPS	75	6	S-14	75,0	75,4	2,6	3,1	0,701512	0,6405	0,7626	1,6		150	1	NEGRO	NARANJA
75mm x 5m R3 PN-20 S-2,5	PP-R	R3	75	5	PN-20 S-2,5	75,1	75,7	12,7	14,1	2,361284	2,2531	2,4694	1,6	64	135	2	GRIS(R3)	VERDE
75mm x 5m R3 PN-16 S-3,2	PP-R	R3	75	5	PN-16 S-3,2	75,1	75,7	10,3	11,5	1,998357	1,8976	2,0991	1,6	50	135	2	GRIS(R3)	ROJO
75mm x 5m R3 PN-10 S-5	PP-R	R3	75	5	PN-10 S-5	75,1	75,7	6,8	7,6	1,395981	1,3205	1,4715	1,6	32	135	1	GRIS(R3)	AZUL
75mm x 5m CHAQUETA PP-UV S-20	PP-R	CHAQUETA PP-UV	75	5	S-20	75,0	75,4	1,9	2,3	0,436450	0,3949	0,4780	1,6		150	1	GRIS(AQS)	SIN LÍNEA
75mm x 5m BETA/FIBRA PN-16 S-3,2	PP-RCT/FV	BETA/FIBRA	75	5	PN-16 S-3,2	75,1	75,7	10,3	11,5	2,075642	1,9710	2,1803	1,6	47	135	2	GRIS(BETA)	NARANJA
75mm x 5m BETA/FIBRA PN-10 S-5	PP-RCT/FV	BETA/FIBRA	75	5	PN-10 S-5	75,1	75,7	6,8	7,6	1,449969	1,3715	1,5284	1,6	30	135	1	GRIS(BETA)	NARANJA
75mm x 5m BETA PN-16 S-3,2	PP-RCT	BETA	75	5	PN-16 S-3,2	75,1	75,7	10,3	11,5	1,989525	1,8892	2,0898	1,6	47	135	2	GRIS(BETA)	ROJO
75mm x 6m CHAQUETA PP-BLACK S-20	PP-R	CHAQUETA PP-BLACK	75	6	S-20	75,0	75,4	1,9	2,3	0,436450	0,3949	0,4780	1,6		150	1	NEGRO(AQS)	SIN LÍNEA
75mm x 5m AQUASYSTEM TRICAPA S-20	PP-R	AQUASYSTEM TRICAPA	75	5	S-20	75,0	75,4	1,9	2,3	0,436450	0,3949	0,4780	1,6		150	1	GRIS(AQS)	SIN LÍNEA
75mm x 5m AQUASYSTEM IPS S-14	PP-R100/CACO3	AQUASYSTEM IPS	75	5	S-14	75,0	75,4	2,6	3,1	0,701512	0,6405	0,7626	1,6		150	1	NEGRO	NARANJA
75mm x 12m BETA/FIBRA PN-16 S-3,2	PP-RCT/FV	BETA/FIBRA	75	12	PN-16 S-3,2	75,1	75,7	10,3	11,5	2,075642	1,9710	2,1803	1,6	47	135	2	GRIS(BETA)	NARANJA
63mm x 6m R3 PN-20 S-2,5	PP-R	R3	63	6	PN-20 S-2,5	63,1	63,6	10,5	11,7	1,648352	1,5703	1,7264	1,5	64	135	2	GRIS(R3)	VERDE
63mm x 6m R3 PN-16 S-3,2	PP-R	R3	63	6	PN-16 S-3,2	63,1	63,6	8,6	9,6	1,403231	1,3326	1,4739	1,5	50	135	2	GRIS(R3)	ROJO
63mm x 6m R3 PN-10 S-5	PP-R	R3	63	6	PN-10 S-5	63,1	63,6	5,8	6,5	1,000060	0,9449	1,0552	1,5	32	135	1	GRIS(R3)	AZUL
63mm x 6m PVDF PN-10	PVDF	PVDF	63	6	PN-10	63,0	63,4	2,0	2,5	0,766807	0,6822	0,8514				1	BLANCO(PVDF)	SIN LÍNEA
63mm x 6m SMART PIPE/PP-RCT PN-16 S-3,2	PP-RCT	SMART PIPE/PP-RCT	63	6	PN-16 S-3,2	63,1	63,6	8,6	9,6	1,397029	1,3267	1,4674	1,5	47	135	2	GRIS(BETA)	ROJO
63mm x 6m POLI-ONE/BETA PN-16 S-3,2	PP-RCT	POLI-ONE/BETA	63	6	PN-16 S-3,2	63,1	63,6	8,6	9,6	1,397029	1,3267	1,4674	1,5	47	135	2	GRIS(P1)	ROJO
63mm x 6m  PPR-DG  PN-20 S-2,5	PP-R	PPR-DG	63	6	PN-20 S-2,5	63,1	63,6	10,5	11,7	1,648352	1,5703	1,7264	1,5	64	135	2	GRIS(BETA)	VERDE
63mm x 6m  PPR- DG PN-16 S-3,2 MC	PP-R	PPR-DG	63	6	PN-16 S-3,2	63,1	63,6	8,6	9,6	1,403231	1,3326	1,4739	1,5	50	135	2	GRIS(BETA)	ROJO
63mm x 6m POLI-ONE PN-10 S-5	PP-R	POLI-ONE	63	6	PN-10 S-5	63,1	63,6	5,8	6,5	1,000060	0,9449	1,0552	1,5	32	135	1	GRIS(P1)	AZUL
63mm x 6m HDPE PN-6 SDR-27,6	PE100	HDPE	63	6	PN-6 SDR-27,6	63,0	63,4	2,3	2,8	0,463969	0,418860	0,509077	1,5	9,3	110	1	NEGRO	AZUL
63mm x 12m HDPE PN-6 SDR-27,6	PE100	HDPE	63	12	PN-6 SDR-27,6	63,0	63,4	2,3	2,8	0,463969	0,418860	0,509077	1,5	9,3	110	1	NEGRO	AZUL
63mm x 50m HDPE PN-6 SDR-27,6	PE100	HDPE	63	50	PN-6 SDR-27,6	63,0	63,4	2,3	2,8	0,463969	0,418860	0,509077	1,5	9,3	110	1	NEGRO	AZUL
63mm x 100m HDPE PN-6 SDR-27,6	PE100	HDPE	63	100	PN-6 SDR-27,6	63,0	63,4	2,3	2,8	0,463969	0,418860	0,509077	1,5	9,3	110	1	NEGRO	AZUL
63mm x 150m HDPE PN-6 SDR-27,6	PE100	HDPE	63	150	PN-6 SDR-27,6	63,0	63,4	2,3	2,8	0,463969	0,418860	0,509077	1,5	9,3	110	1	NEGRO	AZUL
63mm x 200m HDPE PN-6 SDR-27,6	PE100	HDPE	63	200	PN-6 SDR-27,6	63,0	63,4	2,3	2,8	0,463969	0,418860	0,509077	1,5	9,3	110	1	NEGRO	AZUL
63mm x 6m SMARTCOLORS PN-6 SDR-27,6	PE100	SMARTCOLORS - HDPE	63	6	PN-6 SDR-27,6	63,0	63,4	2,3	2,8	0,463969	0,418860	0,509077	1,5	9,3	110	1		
63mm x 12m SMARTCOLORS PN-6 SDR-27,6	PE100	SMARTCOLORS - HDPE	63	12	PN-6 SDR-27,6	63,0	63,4	2,3	2,8	0,463969	0,418860	0,509077	1,5	9,3	110	1		
63mm x 50m SMARTCOLORS PN-6 SDR-27,6	PE100	SMARTCOLORS - HDPE	63	50	PN-6 SDR-27,6	63,0	63,4	2,3	2,8	0,463969	0,418860	0,509077	1,5	9,3	110	1		
63mm x 100m SMARTCOLORS PN-6 SDR-27,6	PE100	SMARTCOLORS - HDPE	63	100	PN-6 SDR-27,6	63,0	63,4	2,3	2,8	0,463969	0,418860	0,509077	1,5	9,3	110	1		
63mm x 150m SMARTCOLORS PN-6 SDR-27,6	PE100	SMARTCOLORS - HDPE	63	150	PN-6 SDR-27,6	63,0	63,4	2,3	2,8	0,463969	0,418860	0,509077	1,5	9,3	110	1		
63mm x 200m SMARTCOLORS PN-6 SDR-27,6	PE100	SMARTCOLORS - HDPE	63	200	PN-6 SDR-27,6	63,0	63,4	2,3	2,8	0,463969	0,418860	0,509077	1,5	9,3	110	1		
63mm x 6m HDPE PN-20 SDR-9	PE100	HDPE	63	6	PN-20 SDR-9	63,0	63,4	7,1	8,0	1,260227	1,190757	1,329697	1,5	31	110	1	NEGRO	AZUL
63mm x 12m HDPE PN-20 SDR-9	PE100	HDPE	63	12	PN-20 SDR-9	63,0	63,4	7,1	8,0	1,260227	1,190757	1,329697	1,5	31	110	1	NEGRO	AZUL
63mm x 50m HDPE PN-20 SDR-9	PE100	HDPE	63	50	PN-20 SDR-9	63,0	63,4	7,1	8,0	1,260227	1,190757	1,329697	1,5	31	110	1	NEGRO	AZUL
63mm x 100m HDPE PN-20 SDR-9	PE100	HDPE	63	100	PN-20 SDR-9	63,0	63,4	7,1	8,0	1,260227	1,190757	1,329697	1,5	31	110	1	NEGRO	AZUL
63mm x 150m HDPE PN-20 SDR-9	PE100	HDPE	63	150	PN-20 SDR-9	63,0	63,4	7,1	8,0	1,260227	1,190757	1,329697	1,5	31	110	1	NEGRO	AZUL
63mm x 200m HDPE PN-20 SDR-9	PE100	HDPE	63	200	PN-20 SDR-9	63,0	63,4	7,1	8,0	1,260227	1,190757	1,329697	1,5	31	110	1	NEGRO	AZUL
63mm x 6m SMARTCOLORS PN-20 SDR-9	PE100	SMARTCOLORS - HDPE	63	6	PN-20 SDR-9	63,0	63,4	7,1	8,0	1,260227	1,190757	1,329697	1,5	31	110	1		
63mm x 12m SMARTCOLORS PN-20 SDR-9	PE100	SMARTCOLORS - HDPE	63	12	PN-20 SDR-9	63,0	63,4	7,1	8,0	1,260227	1,190757	1,329697	1,5	31	110	1		
63mm x 50m SMARTCOLORS PN-20 SDR-9	PE100	SMARTCOLORS - HDPE	63	50	PN-20 SDR-9	63,0	63,4	7,1	8,0	1,260227	1,190757	1,329697	1,5	31	110	1		
63mm x 100m SMARTCOLORS PN-20 SDR-9	PE100	SMARTCOLORS - HDPE	63	100	PN-20 SDR-9	63,0	63,4	7,1	8,0	1,260227	1,190757	1,329697	1,5	31	110	1		
63mm x 150m SMARTCOLORS PN-20 SDR-9	PE100	SMARTCOLORS - HDPE	63	150	PN-20 SDR-9	63,0	63,4	7,1	8,0	1,260227	1,190757	1,329697	1,5	31	110	1		
63mm x 200m SMARTCOLORS PN-20 SDR-9	PE100	SMARTCOLORS - HDPE	63	200	PN-20 SDR-9	63,0	63,4	7,1	8,0	1,260227	1,190757	1,329697	1,5	31	110	1		
63mm x 6m HDPE PN-16 SDR-11	PE100	HDPE	63	6	PN-16 SDR-11	63,0	63,4	5,8	6,5	1,052492	0,995352	1,109631	1,5	24,8	110	1	NEGRO	AZUL
63mm x 12m HDPE PN-16 SDR-11	PE100	HDPE	63	12	PN-16 SDR-11	63,0	63,4	5,8	6,5	1,052492	0,995352	1,109631	1,5	24,8	110	1	NEGRO	AZUL
63mm x 50m HDPE PN-16 SDR-11	PE100	HDPE	63	50	PN-16 SDR-11	63,0	63,4	5,8	6,5	1,052492	0,995352	1,109631	1,5	24,8	110	1	NEGRO	AZUL
63mm x 100m HDPE PN-16 SDR-11	PE100	HDPE	63	100	PN-16 SDR-11	63,0	63,4	5,8	6,5	1,052492	0,995352	1,109631	1,5	24,8	110	1	NEGRO	AZUL
63mm x 150m HDPE PN-16 SDR-11	PE100	HDPE	63	150	PN-16 SDR-11	63,0	63,4	5,8	6,5	1,052492	0,995352	1,109631	1,5	24,8	110	1	NEGRO	AZUL
63mm x 200m HDPE PN-16 SDR-11	PE100	HDPE	63	200	PN-16 SDR-11	63,0	63,4	5,8	6,5	1,052492	0,995352	1,109631	1,5	24,8	110	1	NEGRO	AZUL
63mm x 6m SMARTCOLORS PN-16 SDR-11	PE100	SMARTCOLORS - HDPE	63	6	PN-16 SDR-11	63,0	63,4	5,8	6,5	1,052492	0,995352	1,109631	1,5	24,8	110	1		
63mm x 12m SMARTCOLORS PN-16 SDR-11	PE100	SMARTCOLORS - HDPE	63	12	PN-16 SDR-11	63,0	63,4	5,8	6,5	1,052492	0,995352	1,109631	1,5	24,8	110	1		
63mm x 50m SMARTCOLORS PN-16 SDR-11	PE100	SMARTCOLORS - HDPE	63	50	PN-16 SDR-11	63,0	63,4	5,8	6,5	1,052492	0,995352	1,109631	1,5	24,8	110	1		
63mm x 100m SMARTCOLORS PN-16 SDR-11	PE100	SMARTCOLORS - HDPE	63	100	PN-16 SDR-11	63,0	63,4	5,8	6,5	1,052492	0,995352	1,109631	1,5	24,8	110	1		
63mm x 150m SMARTCOLORS PN-16 SDR-11	PE100	SMARTCOLORS - HDPE	63	150	PN-16 SDR-11	63,0	63,4	5,8	6,5	1,052492	0,995352	1,109631	1,5	24,8	110	1		
6-3mm x 200m SMARTCOLORS PN-16 SDR-11	PE100	SMARTCOLORS - HDPE	63	200	PN-16 SDR-11	63,0	63,4	5,8	6,5	1,052492	0,995352	1,109631	1,5	24,8	110	1		
63mm x 6m HDPE PN-12,5 SDR-13,6	PE100	HDPE	63	6	PN-12,5 SDR-13,6	63,0	63,4	4,7	5,3	0,872974	0,822090	0,923857	1,5	19,7	110	1	NEGRO	AZUL
63mm x 12m HDPE PN-12,5 SDR-13,6	PE100	HDPE	63	12	PN-12,5 SDR-13,6	63,0	63,4	4,7	5,3	0,872974	0,822090	0,923857	1,5	19,7	110	1	NEGRO	AZUL
63mm x 50m HDPE PN-12,5 SDR-13,6	PE100	HDPE	63	50	PN-12,5 SDR-13,6	63,0	63,4	4,7	5,3	0,872974	0,822090	0,923857	1,5	19,7	110	1	NEGRO	AZUL
63mm x 100m HDPE PN-12,5 SDR-13,6	PE100	HDPE	63	100	PN-12,5 SDR-13,6	63,0	63,4	4,7	5,3	0,872974	0,822090	0,923857	1,5	19,7	110	1	NEGRO	AZUL
63mm x 150m HDPE PN-12,5 SDR-13,6	PE100	HDPE	63	150	PN-12,5 SDR-13,6	63,0	63,4	4,7	5,3	0,872974	0,822090	0,923857	1,5	19,7	110	1	NEGRO	AZUL
63mm x 200m HDPE PN-12,5 SDR-13,6	PE100	HDPE	63	200	PN-12,5 SDR-13,6	63,0	63,4	4,7	5,3	0,872974	0,822090	0,923857	1,5	19,7	110	1	NEGRO	AZUL
63mm x 6m SMARTCOLORS PN-12,5 SDR-13,6	PE100	SMARTCOLORS - HDPE	63	6	PN-12,5 SDR-13,6	63,0	63,4	4,7	5,3	0,872974	0,822090	0,923857	1,5	19,7	110	1		
63mm x 12m SMARTCOLORS PN-12,5 SDR-13,6	PE100	SMARTCOLORS - HDPE	63	12	PN-12,5 SDR-13,6	63,0	63,4	4,7	5,3	0,872974	0,822090	0,923857	1,5	19,7	110	1		
63mm x 50m SMARTCOLORS PN-12,5 SDR-13,6	PE100	SMARTCOLORS - HDPE	63	50	PN-12,5 SDR-13,6	63,0	63,4	4,7	5,3	0,872974	0,822090	0,923857	1,5	19,7	110	1		
63mm x 100m SMARTCOLORS PN-12,5 SDR-13,6	PE100	SMARTCOLORS - HDPE	63	100	PN-12,5 SDR-13,6	63,0	63,4	4,7	5,3	0,872974	0,822090	0,923857	1,5	19,7	110	1		
63mm x 150m SMARTCOLORS PN-12,5 SDR-13,6	PE100	SMARTCOLORS - HDPE	63	150	PN-12,5 SDR-13,6	63,0	63,4	4,7	5,3	0,872974	0,822090	0,923857	1,5	19,7	110	1		
63mm x 200m SMARTCOLORS PN-12,5 SDR-13,6	PE100	SMARTCOLORS - HDPE	63	200	PN-12,5 SDR-13,6	63,0	63,4	4,7	5,3	0,872974	0,822090	0,923857	1,5	19,7	110	1		
63mm x 6m HDPE PN-10 SDR-17	PE100	HDPE	63	6	PN-10 SDR-17	63,0	63,4	3,8	4,3	0,718687	0,674929	0,762446	1,5	15,5	110	1	NEGRO	AZUL
63mm x 12m HDPE PN-10 SDR-17	PE100	HDPE	63	12	PN-10 SDR-17	63,0	63,4	3,8	4,3	0,718687	0,674929	0,762446	1,5	15,5	110	1	NEGRO	AZUL
63mm x 50m HDPE PN-10 SDR-17	PE100	HDPE	63	50	PN-10 SDR-17	63,0	63,4	3,8	4,3	0,718687	0,674929	0,762446	1,5	15,5	110	1	NEGRO	AZUL
63mm x 100m HDPE PN-10 SDR-17	PE100	HDPE	63	100	PN-10 SDR-17	63,0	63,4	3,8	4,3	0,718687	0,674929	0,762446	1,5	15,5	110	1	NEGRO	AZUL
63mm x 150m HDPE PN-10 SDR-17	PE100	HDPE	63	150	PN-10 SDR-17	63,0	63,4	3,8	4,3	0,718687	0,674929	0,762446	1,5	15,5	110	1	NEGRO	AZUL
63mm x 200m HDPE PN-10 SDR-17	PE100	HDPE	63	200	PN-10 SDR-17	63,0	63,4	3,8	4,3	0,718687	0,674929	0,762446	1,5	15,5	110	1	NEGRO	AZUL
63mm x 6m SMARTCOLORS PN-10 SDR-17	PE100	SMARTCOLORS - HDPE	63	6	PN-10 SDR-17	63,0	63,4	3,8	4,3	0,718687	0,674929	0,762446	1,5	15,5	110	1		
63mm x 12m SMARTCOLORS PN-10 SDR-17	PE100	SMARTCOLORS - HDPE	63	12	PN-10 SDR-17	63,0	63,4	3,8	4,3	0,718687	0,674929	0,762446	1,5	15,5	110	1		
63mm x 50m SMARTCOLORS PN-10 SDR-17	PE100	SMARTCOLORS - HDPE	63	50	PN-10 SDR-17	63,0	63,4	3,8	4,3	0,718687	0,674929	0,762446	1,5	15,5	110	1		
63mm x 100m SMARTCOLORS PN-10 SDR-17	PE100	SMARTCOLORS - HDPE	63	100	PN-10 SDR-17	63,0	63,4	3,8	4,3	0,718687	0,674929	0,762446	1,5	15,5	110	1		
63mm x 150m SMARTCOLORS PN-10 SDR-17	PE100	SMARTCOLORS - HDPE	63	150	PN-10 SDR-17	63,0	63,4	3,8	4,3	0,718687	0,674929	0,762446	1,5	15,5	110	1		
63mm x 200m SMARTCOLORS PN-10 SDR-17	PE100	SMARTCOLORS - HDPE	63	200	PN-10 SDR-17	63,0	63,4	3,8	4,3	0,718687	0,674929	0,762446	1,5	15,5	110	1		
63mm x 6m BETA/FIBRA PN-16 S-3,2	PP-RCT/FV	BETA/FIBRA	63	6	PN-16 S-3,2	63,1	63,6	8,6	9,6	1,457500	1,3841	1,5309	1,5	47	135	2	GRIS(BETA)	NARANJA
63mm x 6m BETA/FIBRA PN-12,5 S-4	PP-RCT/FV	BETA/FIBRA	63	6	PN-12,5 S-4	63,1	63,6	7,1	8,0	1,243843	1,1742	1,3135	1,5	38	135	1	GRIS(BETA)	NARANJA
63mm x 6m BETA/FIBRA PN-10 S-5	PP-RCT/FV	BETA/FIBRA	63	6	PN-10 S-5	63,1	63,6	5,8	6,5	1,038736	0,9814	1,0960	1,5	30	135	1	GRIS(BETA)	NARANJA
63mm x 6m BETA PN-16 S-3,2	PP-RCT	BETA	63	6	PN-16 S-3,2	63,1	63,6	8,6	9,6	1,397029	1,3267	1,4674	1,5	47	135	2	GRIS(BETA)	ROJO
63mm x 6m BETA PN-12,5 S-4	PP-RCT	BETA	63	6	PN-12,5 S-4	63,1	63,6	7,1	8,0	1,192237	1,1254	1,2590	1,5	38	135	1	GRIS(BETA)	BLANCO
63mm x 6m BETA PN-10 S-5	PP-RCT	BETA	63	6	PN-10 S-5	63,1	63,6	5,8	6,5	0,995640	0,9407	1,0506	1,5	30	135	1	GRIS(BETA)	AZUL
63mm x 5m R3 PN-20 S-2,5	PP-R	R3	63	5	PN-20 S-2,5	63,1	63,6	10,5	11,7	1,648352	1,5703	1,7264	1,5	64	135	2	GRIS(R3)	VERDE
63mm x 5m R3 PN-16 S-3,2	PP-R	R3	63	5	PN-16 S-3,2	63,1	63,6	8,6	9,6	1,403231	1,3326	1,4739	1,5	50	135	2	GRIS(R3)	ROJO
63mm x 5m R3 PN-10 S-5	PP-R	R3	63	5	PN-10 S-5	63,1	63,6	5,8	6,5	1,000060	0,9449	1,0552	1,5	32	135	1	GRIS(R3)	AZUL
63mm x 5m POLI-ONE PN-16 S-3,2	PP-R	POLI-ONE	63	5	PN-16 S-3,2	63,1	63,6	8,6	9,6	1,403231	1,3326	1,4739	1,5	50	135	2	GRIS(P1)	ROJO
63mm x 5m POLI-ONE PN-10 S-5	PP-R	POLI-ONE	63	5	PN-10 S-5	63,1	63,6	5,8	6,5	1,000060	0,9449	1,0552	1,5	32	135	1	GRIS(P1)	AZUL
63mm x 5m BETA/FIBRA PN-16 S-3,2	PP-RCT/FV	BETA/FIBRA	63	5	PN-16 S-3,2	63,1	63,6	8,6	9,6	1,457500	1,3841	1,5309	1,5	47	135	2	GRIS(BETA)	NARANJA
63mm x 5m BETA/FIBRA PN-10 S-5	PP-RCT/FV	BETA/FIBRA	63	5	PN-10 S-5	63,1	63,6	5,8	6,5	1,038736	0,9814	1,0960	1,5	30	135	1	GRIS(BETA)	NARANJA
63mm x 5m BETA PN-10 S-5	PP-RCT	BETA	63	5	PN-10 S-5	63,1	63,6	5,8	6,5	0,995640	0,9407	1,0506	1,5	30	135	1	GRIS(BETA)	AZUL
50mm x 6m R3 PN-20 S-2,5	PP-R	R3	50	6	PN-20 S-2,5	50,1	50,5	8,3	9,3	1,037888	0,9864	1,0894	1,4	64	135	2	GRIS(R3)	VERDE
50mm x 6m R3 PN-16 S-3,2	PP-R	R3	50	6	PN-16 S-3,2	50,1	50,5	6,9	7,7	0,892234	0,8475	0,9370	1,4	50	135	1	GRIS(R3)	ROJO
50mm x 6m PP-H PN-10 S-5	PP-H	PP-H	50	6	PN-10 S-5	50,1	50,5	4,6	5,2	0,632399	0,5951	0,6697	1,4	32	150	1	GRIS(PP-H)	SIN LÍNEA
50mm x 6m R3 PN-10 S-5	PP-R	R3	50	6	PN-10 S-5	50,1	50,5	4,6	5,2	0,632399	0,5951	0,6697	1,4	32	135	1	GRIS(R3)	AZUL
50mm x 6m PVDF PN-20	PVDF	PVDF	50	6	PN-20	50,0	50,4	3,0	3,6	0,865311	0,7885	0,9421				1	BLANCO(PVDF)	SIN LÍNEA
50mm x 6m PP-R/FIBRA PN-16 S-3,2	PP-RCT/FV	PP-R/FIBRA	50	6	PN-16 S-3,2	50,1	50,5	6,9	7,7	0,926740	0,8803	0,9732	1,4	50	135	1	GRIS(R3)	NARANJA
50mm x 6m SMART PIPE/PP-RCT PN-16 S-3,2	PP-RCT	SMART PIPE/PP-RCT	50	6	PN-16 S-3,2	50,1	50,5	6,9	7,7	0,888290	0,8437	0,9328	1,4	47	135	1	GRIS(BETA)	ROJO
50mm x 6m POLI-ONE/BETA PN-16 S-3,2	PP-RCT	POLI-ONE/BETA	50	6	PN-16 S-3,2	50,1	50,5	6,9	7,7	0,888290	0,8437	0,9328	1,4	47	135	1	GRIS(P1)	ROJO
90mm x 6m PPR-DG PN-20 S-2,5 MC	PP-R	PPR-DG	90	6	PN-20 S-2,5	90,1	90,9	15,0	16,6	3,354733	3,2028	3,5067	1,8	64	135	2	GRIS(BETA)	VERDE
75mm x 6m PPR-DG PN-16 S-3,2 MC	PP-R	PPR-DG	75	6	PN-16 S-3,2	75,1	75,7	10,3	11,5	1,998357	1,8976	2,0991	1,6	50	135	2	GRIS(BETA)	ROJO
75mm x 6m PPR-DG PN-20 S-2,5 MC	PP-R	PPR-DG	75	6	PN-20 S-2,5	75,1	75,7	12,7	14,1	2,361284	2,2531	2,4694	1,6	64	135	2	GRIS(BETA)	VERDE
50mm x 6m PPR-DG PN-20 S-2,5 MC	PP-R	PPR-DG	50	6	PN-20 S-2,5	50,1	50,5	8,3	9,3	1,037888	0,9864	1,0894	1,4	64	135	2	GRIS(BETA)	VERDE
50mm x 6m POLI-ONE PN-20 S-2,5	PP-R	POLI-ONE	50	6	PN-20 S-2,5	50,1	50,5	8,3	9,3	1,037888	0,9864	1,0894	1,4	64	135	2	GRIS(P1)	VERDE
50mm x 6m PPR- DG PN-16 S-3,2 MC	PP-R	PPR-DG	50	6	PN-16 S-3,2	50,1	50,5	6,9	7,7	0,892234	0,8475	0,9370	1,4	50	135	1	GRIS(BETA)	ROJO
50mm x 6m POLI-ONE PN-10 S-5	PP-R	POLI-ONE	50	6	PN-10 S-5	50,1	50,5	4,6	5,2	0,632399	0,5951	0,6697	1,4	32	135	1	GRIS(P1)	AZUL
50mm x 6,7m HDPE PN-6 SDR-27,6	PE100	HDPE	50	5,7	PN-6 SDR-27,6	50,0	50,4	2,0	2,3	0,309968	0,288021	0,331914	1,4	9,3	110	1	NEGRO	AZUL
50mm x 6m HDPE PN-8 SDR-21	PE100	HDPE	50	6	PN-8 SDR-21	50,0	50,4	2,4	2,8	0,371307	0,342745	0,399869	1,4	12,4	110	1	NEGRO	AZUL
50mm x 12m HDPE PN-8 SDR-21	PE100	HDPE	50	12	PN-8 SDR-21	50,0	50,4	2,4	2,8	0,371307	0,342745	0,399869	1,4	12,4	110	1	NEGRO	AZUL
50mm x 5,7m HDPE PN-6 SDR-27,6	PE100	HDPE	50	50	PN-6 SDR-27,6	50,0	50,4	2,0	2,3	0,309968	0,288021	0,331914	1,4	9,3	110	1	NEGRO	AZUL
50mm x 100m HDPE PN6 SDR-27,6	PE100	HDPE	50	50	PN-6 SDR-27,6	50,0	50,4	2,0	2,3	0,309968	0,288021	0,331914	1,4	9,3	110	1	NEGRO	AZUL
50mm x 50m HDPE PN-8 SDR-21	PE100	HDPE	50	50	PN-8 SDR-21	50,0	50,4	2,4	2,8	0,371307	0,342745	0,399869	1,4	12,4	110	1	NEGRO	AZUL
50mm x 100m HDPE PN-8 SDR-21	PE100	HDPE	50	100	PN-8 SDR-21	50,0	50,4	2,4	2,8	0,371307	0,342745	0,399869	1,4	12,4	110	1	NEGRO	AZUL
50mm x 150m HDPE PN-8 SDR-21	PE100	HDPE	50	150	PN-8 SDR-21	50,0	50,4	2,4	2,8	0,371307	0,342745	0,399869	1,4	12,4	110	1	NEGRO	AZUL
50mm x 200m HDPE PN-8 SDR-21	PE100	HDPE	50	200	PN-8 SDR-21	50,0	50,4	2,4	2,8	0,371307	0,342745	0,399869	1,4	12,4	110	1	NEGRO	AZUL
50mm x 6m SMARTCOLORS PN-8 SDR-21	PE100	SMARTCOLORS - HDPE	50	6	PN-8 SDR-21	50,0	50,4	2,4	2,8	0,371307	0,342745	0,399869	1,4	12,4	110	1		
50mm x 12m SMARTCOLORS PN-8 SDR-21	PE100	SMARTCOLORS - HDPE	50	12	PN-8 SDR-21	50,0	50,4	2,4	2,8	0,371307	0,342745	0,399869	1,4	12,4	110	1		
50mm x 50m SMARTCOLORS PN-8 SDR-21	PE100	SMARTCOLORS - HDPE	50	50	PN-8 SDR-21	50,0	50,4	2,4	2,8	0,371307	0,342745	0,399869	1,4	12,4	110	1		
50mm x 100m SMARTCOLORS PN-8 SDR-21	PE100	SMARTCOLORS - HDPE	50	100	PN-8 SDR-21	50,0	50,4	2,4	2,8	0,371307	0,342745	0,399869	1,4	12,4	110	1		
50mm x 150m SMARTCOLORS PN-8 SDR-21	PE100	SMARTCOLORS - HDPE	50	150	PN-8 SDR-21	50,0	50,4	2,4	2,8	0,371307	0,342745	0,399869	1,4	12,4	110	1		
50mm x 200m SMARTCOLORS PN-8 SDR-21	PE100	SMARTCOLORS - HDPE	50	200	PN-8 SDR-21	50,0	50,4	2,4	2,8	0,371307	0,342745	0,399869	1,4	12,4	110	1		
50mm x 6m HDPE PN-16 SDR-11	PE100	HDPE	50	6	PN-16 SDR-11	50,0	50,4	4,6	5,2	0,665868	0,626566	0,705171	1,4	24,8	110	1	NEGRO	AZUL
50mm x 200m HDPE PN-20 SDR-9	PE100	HDPE	50	200	PN-20 SDR-9	50,0	50,4	5,6	6,3	0,789763	0,745974	0,833551	1,4	31,0	110	1	NEGRO	SIN LÍNEA
50mm x 50m HDPE PN-20 SDR-9	PE100	HDPE	50	50	PN-20 SDR-9	50,0	50,4	5,6	6,3	0,789763	0,745974	0,833551	1,4	31,0	110	1	NEGRO	SIN LÍNEA
50mm x 12m HDPE PN-16 SDR-11	PE100	HDPE	50	12	PN-16 SDR-11	50,0	50,4	4,6	5,2	0,665868	0,626566	0,705171	1,4	24,8	110	1	NEGRO	AZUL
50mm x 150m HDPE PN-20 SDR-9	PE100	HDPE	50	150	PN-20 SDR-9	50,0	50,4	5,6	6,3	0,789763	0,745974	0,833551	1,4	31,0	110	1	NEGRO	SIN LÍNEA
50mm x 100m HDPE PN-20 SDR-9	PE100	HDPE	50	100	PN-20 SDR-9	50,0	50,4	5,6	6,3	0,789763	0,745974	0,833551	1,4	31,0	110	1	NEGRO	SIN LÍNEA
50mm x 12m HDPE PN-20 SDR-9	PE100	HDPE	50	12	PN-20 SDR-9	50,0	50,4	5,6	6,3	0,789763	0,745974	0,833551	1,4	31,0	110	1	NEGRO	SIN LÍNEA
50mm x 6m HDPE PN-20 SDR-9	PE100	HDPE	50	6	PN-20 SDR-9	50,0	50,4	5,6	6,3	0,789763	0,745974	0,833551	1,4	31,0	110	1	NEGRO	SIN LÍNEA
50mm x 50m HDPE PN-16 SDR-11	PE100	HDPE	50	50	PN-16 SDR-11	50,0	50,4	4,6	5,2	0,665868	0,626566	0,705171	1,4	24,8	110	1	NEGRO	AZUL
50mm x 100m HDPE PN-16 SDR-11	PE100	HDPE	50	100	PN-16 SDR-11	50,0	50,4	4,6	5,2	0,665868	0,626566	0,705171	1,4	24,8	110	1	NEGRO	AZUL
50mm x 150m HDPE PN-16 SDR-11	PE100	HDPE	50	150	PN-16 SDR-11	50,0	50,4	4,6	5,2	0,665868	0,626566	0,705171	1,4	24,8	110	1	NEGRO	AZUL
50mm x 200m HDPE PN-16 SDR-11	PE100	HDPE	50	200	PN-16 SDR-11	50,0	50,4	4,6	5,2	0,665868	0,626566	0,705171	1,4	24,8	110	1	NEGRO	AZUL
50mm x 6m SMARTCOLORS PN-16 SDR-11	PE100	SMARTCOLORS - HDPE	50	6	PN-16 SDR-11	50,0	50,4	4,6	5,2	0,665868	0,626566	0,705171	1,4	24,8	110	1		
50mm x 12m SMARTCOLORS PN-16 SDR-11	PE100	SMARTCOLORS - HDPE	50	12	PN-16 SDR-11	50,0	50,4	4,6	5,2	0,665868	0,626566	0,705171	1,4	24,8	110	1		
50mm x 50m SMARTCOLORS PN-16 SDR-11	PE100	SMARTCOLORS - HDPE	50	50	PN-16 SDR-11	50,0	50,4	4,6	5,2	0,665868	0,626566	0,705171	1,4	24,8	110	1		
50mm x 100m SMARTCOLORS PN-16 SDR-11	PE100	SMARTCOLORS - HDPE	50	100	PN-16 SDR-11	50,0	50,4	4,6	5,2	0,665868	0,626566	0,705171	1,4	24,8	110	1		
50mm x 150m SMARTCOLORS PN-16 SDR-11	PE100	SMARTCOLORS - HDPE	50	150	PN-16 SDR-11	50,0	50,4	4,6	5,2	0,665868	0,626566	0,705171	1,4	24,8	110	1		
50mm x 200m SMARTCOLORS PN-16 SDR-11	PE100	SMARTCOLORS - HDPE	50	200	PN-16 SDR-11	50,0	50,4	4,6	5,2	0,665868	0,626566	0,705171	1,4	24,8	110	1		
50mm x 6m HDPE PN-12,5 SDR-13,6	PE100	HDPE	50	6	PN-12,5 SDR-13,6	50,0	50,4	3,7	4,2	0,548065	0,513967	0,582162	1,4	19,7	110	1	NEGRO	AZUL
50mm x 12m HDPE PN-12,5 SDR-13,6	PE100	HDPE	50	12	PN-12,5 SDR-13,6	50,0	50,4	3,7	4,2	0,548065	0,513967	0,582162	1,4	19,7	110	1	NEGRO	AZUL
50mm x 50m HDPE PN-12,5 SDR-13,6	PE100	HDPE	50	50	PN-12,5 SDR-13,6	50,0	50,4	3,7	4,2	0,548065	0,513967	0,582162	1,4	19,7	110	1	NEGRO	AZUL
50mm x 100m HDPE PN-12,5 SDR-13,6	PE100	HDPE	50	100	PN-12,5 SDR-13,6	50,0	50,4	3,7	4,2	0,548065	0,513967	0,582162	1,4	19,7	110	1	NEGRO	AZUL
50mm x 150m HDPE PN-12,5 SDR-13,6	PE100	HDPE	50	150	PN-12,5 SDR-13,6	50,0	50,4	3,7	4,2	0,548065	0,513967	0,582162	1,4	19,7	110	1	NEGRO	AZUL
50mm x 200m HDPE PN-12,5 SDR-13,6	PE100	HDPE	50	200	PN-12,5 SDR-13,6	50,0	50,4	3,7	4,2	0,548065	0,513967	0,582162	1,4	19,7	110	1	NEGRO	AZUL
50mm x 6m SMARTCOLORS PN-12,5 SDR-13,6	PE100	SMARTCOLORS - HDPE	50	6	PN-12,5 SDR-13,6	50,0	50,4	3,7	4,2	0,548065	0,513967	0,582162	1,4	19,7	110	1		
50mm x 12m SMARTCOLORS PN-12,5 SDR-13,6	PE100	SMARTCOLORS - HDPE	50	12	PN-12,5 SDR-13,6	50,0	50,4	3,7	4,2	0,548065	0,513967	0,582162	1,4	19,7	110	1		
50mm x 50m SMARTCOLORS PN-12,5 SDR-13,6	PE100	SMARTCOLORS - HDPE	50	50	PN-12,5 SDR-13,6	50,0	50,4	3,7	4,2	0,548065	0,513967	0,582162	1,4	19,7	110	1		
50mm x 100m SMARTCOLORS PN-12,5 SDR-13,6	PE100	SMARTCOLORS - HDPE	50	100	PN-12,5 SDR-13,6	50,0	50,4	3,7	4,2	0,548065	0,513967	0,582162	1,4	19,7	110	1		
50mm x 150m SMARTCOLORS PN-12,5 SDR-13,6	PE100	SMARTCOLORS - HDPE	50	150	PN-12,5 SDR-13,6	50,0	50,4	3,7	4,2	0,548065	0,513967	0,582162	1,4	19,7	110	1		
50mm x 200m SMARTCOLORS PN-12,5 SDR-13,6	PE100	SMARTCOLORS - HDPE	50	200	PN-12,5 SDR-13,6	50,0	50,4	3,7	4,2	0,548065	0,513967	0,582162	1,4	19,7	110	1		
50mm x 6m HDPE PN-10 SDR-17	PE100	HDPE	50	6	PN-10 SDR-17	50,0	50,4	3,0	3,4	0,451233	0,423031	0,479435	1,4	15,5	110	1	NEGRO	AZUL
50mm x 12m HDPE PN-10 SDR-17	PE100	HDPE	50	12	PN-10 SDR-17	50,0	50,4	3,0	3,4	0,451233	0,423031	0,479435	1,4	15,5	110	1	NEGRO	AZUL
50mm x 50m HDPE PN-10 SDR-17	PE100	HDPE	50	50	PN-10 SDR-17	50,0	50,4	3,0	3,4	0,451233	0,423031	0,479435	1,4	15,5	110	1	NEGRO	AZUL
50mm x 100m HDPE PN-10 SDR-17	PE100	HDPE	50	100	PN-10 SDR-17	50,0	50,4	3,0	3,4	0,451233	0,423031	0,479435	1,4	15,5	110	1	NEGRO	AZUL
50mm x 150m HDPE PN-10 SDR-17	PE100	HDPE	50	150	PN-10 SDR-17	50,0	50,4	3,0	3,4	0,451233	0,423031	0,479435	1,4	15,5	110	1	NEGRO	AZUL
50mm x 200m HDPE PN-10 SDR-17	PE100	HDPE	50	200	PN-10 SDR-17	50,0	50,4	3,0	3,4	0,451233	0,423031	0,479435	1,4	15,5	110	1	NEGRO	AZUL
50mm x 6m SMARTCOLORS PN-10 SDR-17	PE100	SMARTCOLORS - HDPE	50	6	PN-10 SDR-17	50,0	50,4	3,0	3,4	0,451233	0,423031	0,479435	1,4	15,5	110	1		
50mm x 12m SMARTCOLORS PN-10 SDR-17	PE100	SMARTCOLORS - HDPE	50	12	PN-10 SDR-17	50,0	50,4	3,0	3,4	0,451233	0,423031	0,479435	1,4	15,5	110	1		
50mm x 50m SMARTCOLORS PN-10 SDR-17	PE100	SMARTCOLORS - HDPE	50	50	PN-10 SDR-17	50,0	50,4	3,0	3,4	0,451233	0,423031	0,479435	1,4	15,5	110	1		
50mm x 100m SMARTCOLORS PN-10 SDR-17	PE100	SMARTCOLORS - HDPE	50	100	PN-10 SDR-17	50,0	50,4	3,0	3,4	0,451233	0,423031	0,479435	1,4	15,5	110	1		
50mm x 150m SMARTCOLORS PN-10 SDR-17	PE100	SMARTCOLORS - HDPE	50	150	PN-10 SDR-17	50,0	50,4	3,0	3,4	0,451233	0,423031	0,479435	1,4	15,5	110	1		
50mm x 200m SMARTCOLORS PN-10 SDR-17	PE100	SMARTCOLORS - HDPE	50	200	PN-10 SDR-17	50,0	50,4	3,0	3,4	0,451233	0,423031	0,479435	1,4	15,5	110	1		
50mm x 6m CHAQUETA PP-UV S-20	PP-R	CHAQUETA PP-UV	50	6	S-20	50,0	50,3	1,8	2,2	0,273766	0,2467	0,3009	1,4		150	1	GRIS(AQS)	SIN LÍNEA
50mm x 6m BETA/FIBRA PN-16 S-3,2	PP-RCT/FV	BETA/FIBRA	50	6	PN-16 S-3,2	50,1	50,5	6,9	7,7	0,926740	0,8803	0,9732	1,4	47	135	1	GRIS(BETA)	NARANJA
50mm x 6m BETA/FIBRA PN-12,5 S-4	PP-RCT/FV	BETA/FIBRA	50	6	PN-12,5 S-4	50,1	50,5	5,6	6,3	0,779115	0,7359	0,8223	1,4	38	135	1	GRIS(BETA)	NARANJA
50mm x 6m BETA/FIBRA PN-10 S-5	PP-RCT/FV	BETA/FIBRA	50	6	PN-10 S-5	50,1	50,5	4,6	5,2	0,656857	0,6181	0,6956	1,4	30	135	1	GRIS(BETA)	NARANJA
50mm x 6m BETA PN-16 S-3,2	PP-RCT	BETA	50	6	PN-16 S-3,2	50,1	50,5	6,9	7,7	0,888290	0,8437	0,9328	1,4	47	135	1	GRIS(BETA)	ROJO
50mm x 6m BETA PN-12,5 S-4	PP-RCT	BETA	50	6	PN-12,5 S-4	50,1	50,5	5,6	6,3	0,746790	0,7054	0,7882	1,4	38	135	1	GRIS(BETA)	BLANCO
50mm x 6m BETA PN-12,5 S-4	PP-RCT	BETA	50	6	PN-12,5 S-4	50,1	50,5	5,6	6,3	0,746790	0,7054	0,7882	1,4	38	135	1	GRIS(BETA)	BLANCO
50mm x 6m BETA PN-10 S-5	PP-RCT	BETA	50	6	PN-10 S-5	50,1	50,5	4,6	5,2	0,629604	0,5924	0,6668	1,4	30	135	1	GRIS(BETA)	AZUL
50mm x 6m AQUASYSTEM TRICAPA S-20	PP-R	AQUASYSTEM TRICAPA	50	6	S-20	50,0	50,3	1,8	2,2	0,273766	0,2467	0,3009	1,4		150	1	GRIS(AQS)	SIN LÍNEA
50mm x 6m AQUASYSTEM IPS S-14	PP-R100/CACO3	AQUASYSTEM IPS	50	6	S-14	50,0	50,3	1,8	3,0	0,388990	0,2952	0,4828	1,4		150	1	NEGRO	NARANJA
50mm x 5m AQUASYSTEM TRICAPA S-20	PP-R	AQUASYSTEM TRICAPA	50	5	S-20	50,0	50,3	1,8	2,2	0,327612	0,2952	0,3600	1,4		150	1	GRIS(AQS)	SIN LÍNEA
50mm x 5m R3 PN-20 S-2,5	PP-R	R3	50	5	PN-20 S-2,5	50,1	50,5	8,3	9,3	1,037888	0,9864	1,0894	1,4	64	135	2	GRIS(R3)	VERDE
50mm x 5m R3 PN-16 S-3,2	PP-R	R3	50	5	PN-16 S-3,2	50,1	50,5	6,9	7,7	0,892234	0,8475	0,9370	1,4	50	135	1	GRIS(R3)	ROJO
50mm x 5m R3 PN-10 S-5	PP-R	R3	50	5	PN-10 S-5	50,1	50,5	4,6	5,2	0,632399	0,5951	0,6697	1,4	32	135	1	GRIS(R3)	AZUL
50mm x 5m POLI-ONE PN-16 S-3,2	PP-R	POLI-ONE	50	5	PN-16 S-3,2	50,1	50,5	6,9	7,7	0,892234	0,8475	0,9370	1,4	50	135	1	GRIS(P1)	ROJO
50mm x 5m POLI-ONE PN-10 S-5	PP-R	POLI-ONE	50	5	PN-10 S-5	50,1	50,5	4,6	5,2	0,632399	0,5951	0,6697	1,4	32	135	1	GRIS(P1)	AZUL
50mm x 5m CHAQUETA PP-UV S-20	PP-R	CHAQUETA PP-UV	50	5	S-20	50,0	50,3	1,8	2,2	0,273766	0,2467	0,3009	1,4		150	1	GRIS(AQS)	SIN LÍNEA
50mm x 5m BETA/FIBRA PN-16 S-3,2	PP-RCT/FV	BETA/FIBRA	50	5	PN-16 S-3,2	50,1	50,5	6,9	7,7	0,926740	0,8803	0,9732	1,4	47	135	1	GRIS(BETA)	NARANJA
50mm x 5m BETA/FIBRA PN-12,5 S-4	PP-RCT/FV	BETA/FIBRA	50	5	PN-12,5 S-4	50,1	50,5	5,6	6,3	0,779115	0,7359	0,8223	1,4	38	135	1	GRIS(BETA)	NARANJA
50mm x 5m BETA/FIBRA PN-10 S-5	PP-RCT/FV	BETA/FIBRA	50	5	PN-10 S-5	50,1	50,5	4,6	5,2	0,656857	0,6181	0,6956	1,4	30	135	1	GRIS(BETA)	NARANJA
50mm x 5m BETA/FIBRA PN-10 S-5	PP-RCT/FV	BETA/FIBRA	50	5	PN-10 S-5	50,1	50,5	4,6	5,2	0,656857	0,6181	0,6956	1,4	30	135	1	GRIS(BETA)	NARANJA
50mm x 5m BETA PN-12,5 S-4	PP-RCT	BETA	50	5	PN-12,5 S-4	50,1	50,5	5,6	6,3	0,746790	0,7054	0,7882	1,4	38	135	1	GRIS(BETA)	BLANCO
50mm x 5m AQUASYSTEM IPS S-14	PP-R100/CACO3	AQUASYSTEM IPS	50	5	S-14	50,0	50,3	1,8	3,0	0,388990	0,2952	0,4828	1,4		150	1	NEGRO	NARANJA
450mm x 6m HDPE PN-16 SDR-11	PE100	HDPE	450	6	PN-16 SDR-11	450,0	452,7	40,9	45,1	52,676260	50,200225	55,152296	15,6	24,8	110	4	NEGRO	AZUL
450mm x 12m HDPE PN-16 SDR-11	PE100	HDPE	450	12	PN-16 SDR-11	450,0	452,7	40,9	45,1	52,676260	50,200225	55,152296	15,6	24,8	110	4	NEGRO	AZUL
450mm x 6m SMARTCOLORS PN-16 SDR-11	PE100	SMARTCOLORS - HDPE	450	6	PN-16 SDR-11	450,0	452,7	40,9	45,1	52,676260	50,200225	55,152296	15,6	24,8	110	4		
450mm x 12m SMARTCOLORS PN-16 SDR-11	PE100	SMARTCOLORS - HDPE	450	12	PN-16 SDR-11	450,0	452,7	40,9	45,1	52,676260	50,200225	55,152296	15,6	24,8	110	4		
450mm x 6m HDPE PN-12,5 SDR-13,6	PE100	HDPE	450	6	PN-12,5 SDR-13,6	450,0	452,7	33,1	36,6	43,546146	41,401184	45,691107	15,6	19,7	110	4	NEGRO	AZUL
450mm x 12m HDPE PN-12,5 SDR-13,6	PE100	HDPE	450	12	PN-12,5 SDR-13,6	450,0	452,7	33,1	36,6	43,546146	41,401184	45,691107	15,6	19,7	110	4	NEGRO	AZUL
450mm x 6m SMARTCOLORS PN-12,5 SDR-13,6	PE100	SMARTCOLORS - HDPE	450	6	PN-12,5 SDR-13,6	450,0	452,7	33,1	36,6	43,546146	41,401184	45,691107	15,6	19,7	110	4		
450mm x 12m SMARTCOLORS PN-12,5 SDR-13,6	PE100	SMARTCOLORS - HDPE	450	12	PN-12,5 SDR-13,6	450,0	452,7	33,1	36,6	43,546146	41,401184	45,691107	15,6	19,7	110	4		
450mm x 6m HDPE PN-8 SDR-21	PE100	HDPE	450	6	PN-8 SDR-21	450,0	452,7	21,5	23,8	29,132976	27,640263	30,625690	15,6	12,4	110	1	NEGRO	AZUL
450mm x 12m HDPE PN-8 SDR-21	PE100	HDPE	450	12	PN-8 SDR-21	450,0	452,7	21,5	23,8	29,132976	27,640263	30,625690	15,6	12,4	110	1	NEGRO	AZUL
450mm x 6m HDPE PN-10 SDR-17	PE100	HDPE	450	6	PN-10 SDR-17	450,0	452,7	26,7	29,5	35,682363	33,908799	37,455927	15,6	15,5	110	4	NEGRO	AZUL
450mm x 12m HDPE PN-10 SDR-17	PE100	HDPE	450	12	PN-10 SDR-17	450,0	452,7	26,7	29,5	35,682363	33,908799	37,455927	15,6	15,5	110	4	NEGRO	AZUL
450mm x 6m SMARTCOLORS PN-10 SDR-17	PE100	SMARTCOLORS - HDPE	450	6	PN-10 SDR-17	450,0	452,7	26,7	29,5	35,682363	33,908799	37,455927	15,6	15,5	110	4		
450mm x 12m SMARTCOLORS PN-10 SDR-17	PE100	SMARTCOLORS - HDPE	450	12	PN-10 SDR-17	450,0	452,7	26,7	29,5	35,682363	33,908799	37,455927	15,6	15,5	110	4		
450mm x 6m HDPE PN-6 SDR-27,6	PE100	HDPE	450	6	PN-6 SDR-27,6	450,0	452,7	16,3	19,1	23,028282	21,209474	24,847089	15,6	9,3	110	4	NEGRO	AZUL
450mm x 12m HDPE PN-6 SDR-27,6	PE100	HDPE	450	12	PN-6 SDR-27,6	450,0	452,7	16,3	19,1	23,028282	21,209474	24,847089	15,6	9,3	110	4	NEGRO	AZUL
450mm x 6m SMARTCOLORS PN-6 SDR-27,6	PE100	SMARTCOLORS - HDPE	450	6	PN-6 SDR-27,6	450,0	452,7	16,3	19,1	23,028282	21,209474	24,847089	15,6	9,3	110	4		
450mm x 12m SMARTCOLORS PN-6 SDR-27,6	PE100	SMARTCOLORS - HDPE	450	12	PN-6 SDR-27,6	450,0	452,7	16,3	19,1	23,028282	21,209474	24,847089	15,6	9,3	110	4		
40mm x 6m R3 PN-20 S-2,5	PP-R	R3	40	6	PN-20 S-2,5	40,1	40,4	6,7	7,5	0,668891	0,6362	0,7015	1,4	64	135	1	GRIS(R3)	VERDE
40mm x 6m R3 PN-16 S-3,2	PP-R	R3	40	6	PN-16 S-3,2	40,1	40,4	5,5	6,2	0,571954	0,5410	0,6029	1,4	50	135	1	GRIS(R3)	ROJO
40mm x 6m R3 PN-10 S-5	PP-R	R3	40	6	PN-10 S-5	40,1	40,4	3,7	4,2	0,407592	0,3829	0,4323	1,4	32	135	1	GRIS(R3)	AZUL
40mm X 6m PVDF SDR-17 S-8 	PVDF	PVDF	40	6	SDR-17	40,0	40,3	2,4	2,9	0,555568	0,5046	0,6065				1	BLANCO(PVDF)	SIN LÍNEA
40mm x 6m PP-H PN-16 S-3,2	PP-H	PP-H	40	6	PN-16 S-3,2	40,1	40,4	5,5	6,2	0,571954	0,5410	0,6029	1,4	65,6	150	1	GRIS(PP-H)	SIN LÍNEA
40mm x 6m SMART PIPE/PP-RCT PN-16 S-3,2	PP-RCT	SMART PIPE/PP-RCT	40	6	PN-16 S-3,2	40,1	40,4	5,5	6,2	0,569426	0,5387	0,6002	1,4	47	135	1	GRIS(BETA)	ROJO
40mm x 6m POLI-ONE/BETA PN-16 S-3,2	PP-RCT	POLI-ONE/BETA	40	6	PN-16 S-3,2	40,1	40,4	5,5	6,2	0,569426	0,5387	0,6002	1,4	47	135	1	GRIS(P1)	ROJO
40mm x 6m PPR-DG  PN-16 S-3,2 MC	PP-R	PPR -DG	40	6	PN-16 S-3,2	40,1	40,4	5,5	6,2	0,571954	0,5410	0,6029	1,4	50	135	1		
40mm x 6m POLI-ONE PN-10 S-5	PP-R	POLI-ONE	40	6	PN-10 S-5	40,1	40,4	3,7	4,2	0,407592	0,3829	0,4323	1,4	32	135	1	GRIS(P1)	AZUL
40mm x 6m HDPE PN-20 SDR-9	PE100	HDPE	40	6	PN-20 SDR-9	40,0	40,4	4,5	5,1	0,509707	0,479285	0,540129	1,4	31	110	1	NEGRO	AZUL
40mm x 12m HDPE PN-20 SDR-9	PE100	HDPE	40	12	PN-20 SDR-9	40,0	40,4	4,5	5,1	0,509707	0,479285	0,540129	1,4	31	110	1	NEGRO	AZUL
40mm x 50m HDPE PN-20 SDR-9	PE100	HDPE	40	50	PN-20 SDR-9	40,0	40,4	4,5	5,1	0,509707	0,479285	0,540129	1,4	31	110	1	NEGRO	AZUL
40mm x 100m HDPE PN-20 SDR-9	PE100	HDPE	40	100	PN-20 SDR-9	40,0	40,4	4,5	5,1	0,509707	0,479285	0,540129	1,4	31	110	1	NEGRO	AZUL
40mm x 150m HDPE PN-20 SDR-9	PE100	HDPE	40	150	PN-20 SDR-9	40,0	40,4	4,5	5,1	0,509707	0,479285	0,540129	1,4	31	110	1	NEGRO	AZUL
40mm x 200m HDPE PN-20 SDR-9	PE100	HDPE	40	200	PN-20 SDR-9	40,0	40,4	4,5	5,1	0,509707	0,479285	0,540129	1,4	31	110	1	NEGRO	AZUL
40mm x 6m SMARTCOLORS PN-20 SDR-9	PE100	SMARTCOLORS - HDPE	40	6	PN-20 SDR-9	40,0	40,4	4,5	5,1	0,509707	0,479285	0,540129	1,4	31	110	1		
40mm x 12m SMARTCOLORS PN-20 SDR-9	PE100	SMARTCOLORS - HDPE	40	12	PN-20 SDR-9	40,0	40,4	4,5	5,1	0,509707	0,479285	0,540129	1,4	31	110	1		
40mm x 50m SMARTCOLORS PN-20 SDR-9	PE100	SMARTCOLORS - HDPE	40	50	PN-20 SDR-9	40,0	40,4	4,5	5,1	0,509707	0,479285	0,540129	1,4	31	110	1		
40mm x 100m SMARTCOLORS PN-20 SDR-9	PE100	SMARTCOLORS - HDPE	40	100	PN-20 SDR-9	40,0	40,4	4,5	5,1	0,509707	0,479285	0,540129	1,4	31	110	1		
40mm x 150m SMARTCOLORS PN-20 SDR-9	PE100	SMARTCOLORS - HDPE	40	150	PN-20 SDR-9	40,0	40,4	4,5	5,1	0,509707	0,479285	0,540129	1,4	31	110	1		
40mm x 200m SMARTCOLORS PN-20 SDR-9	PE100	SMARTCOLORS - HDPE	40	200	PN-20 SDR-9	40,0	40,4	4,5	5,1	0,509707	0,479285	0,540129	1,4	31	110	1		
40mm x 6m HDPE PN-16 SDR-11	PE100	HDPE	40	6	PN-16 SDR-11	40,0	40,4	3,7	4,2	0,429556	0,402959	0,456153	1,4	24,8	110	1	NEGRO	AZUL
40mm x 12m HDPE PN-16 SDR-11	PE100	HDPE	40	12	PN-16 SDR-11	40,0	40,4	3,7	4,2	0,429556	0,402959	0,456153	1,4	24,8	110	1	NEGRO	AZUL
40mm x 50m HDPE PN-16 SDR-11	PE100	HDPE	40	50	PN-16 SDR-11	40,0	40,4	3,7	4,2	0,429556	0,402959	0,456153	1,4	24,8	110	1	NEGRO	AZUL
40mm x 100m HDPE PN-16 SDR-11	PE100	HDPE	40	100	PN-16 SDR-11	40,0	40,4	3,7	4,2	0,429556	0,402959	0,456153	1,4	24,8	110	1	NEGRO	AZUL
40mm x 150m HDPE PN-16 SDR-11	PE100	HDPE	40	150	PN-16 SDR-11	40,0	40,4	3,7	4,2	0,429556	0,402959	0,456153	1,4	24,8	110	1	NEGRO	AZUL
40mm x 200m HDPE PN-16 SDR-11	PE100	HDPE	40	200	PN-16 SDR-11	40,0	40,4	3,7	4,2	0,429556	0,402959	0,456153	1,4	24,8	110	1	NEGRO	AZUL
40mm x 6m SMARTCOLORS PN-16 SDR-11	PE100	SMARTCOLORS - HDPE	40	6	PN-16 SDR-11	40,0	40,4	3,7	4,2	0,429556	0,402959	0,456153	1,4	24,8	110	1		
40mm x 12m SMARTCOLORS PN-16 SDR-11	PE100	SMARTCOLORS - HDPE	40	12	PN-16 SDR-11	40,0	40,4	3,7	4,2	0,429556	0,402959	0,456153	1,4	24,8	110	1		
40mm x 50m SMARTCOLORS PN-16 SDR-11	PE100	SMARTCOLORS - HDPE	40	50	PN-16 SDR-11	40,0	40,4	3,7	4,2	0,429556	0,402959	0,456153	1,4	24,8	110	1		
40mm x 100m SMARTCOLORS PN-16 SDR-11	PE100	SMARTCOLORS - HDPE	40	100	PN-16 SDR-11	40,0	40,4	3,7	4,2	0,429556	0,402959	0,456153	1,4	24,8	110	1		
40mm x 150m SMARTCOLORS PN-16 SDR-11	PE100	SMARTCOLORS - HDPE	40	150	PN-16 SDR-11	40,0	40,4	3,7	4,2	0,429556	0,402959	0,456153	1,4	24,8	110	1		
40mm x 200m SMARTCOLORS PN-16 SDR-11	PE100	SMARTCOLORS - HDPE	40	200	PN-16 SDR-11	40,0	40,4	3,7	4,2	0,429556	0,402959	0,456153	1,4	24,8	110	1		
40mm x 6m HDPE PN-12,5 SDR-13,6	PE100	HDPE	40	6	PN-12,5 SDR-13,6	40,0	40,4	3,0	3,5	0,360251	0,333024	0,387478	1,4	19,7	110	1	NEGRO	AZUL
40mm x 12m HDPE PN-12,5 SDR-13,6	PE100	HDPE	40	12	PN-12,5 SDR-13,6	40,0	40,4	3,0	3,5	0,360251	0,333024	0,387478	1,4	19,7	110	1	NEGRO	AZUL
40mm x 50m HDPE PN-12,5 SDR-13,6	PE100	HDPE	40	50	PN-12,5 SDR-13,6	40,0	40,4	3,0	3,5	0,360251	0,333024	0,387478	1,4	19,7	110	1	NEGRO	AZUL
40mm x 100m HDPE PN-12,5 SDR-13,6	PE100	HDPE	40	100	PN-12,5 SDR-13,6	40,0	40,4	3,0	3,5	0,360251	0,333024	0,387478	1,4	19,7	110	1	NEGRO	AZUL
40mm x 150m HDPE PN-12,5 SDR-13,6	PE100	HDPE	40	150	PN-12,5 SDR-13,6	40,0	40,4	3,0	3,5	0,360251	0,333024	0,387478	1,4	19,7	110	1	NEGRO	AZUL
40mm x 200m HDPE PN-12,5 SDR-13,6	PE100	HDPE	40	200	PN-12,5 SDR-13,6	40,0	40,4	3,0	3,5	0,360251	0,333024	0,387478	1,4	19,7	110	1	NEGRO	AZUL
40mm x 6m SMARTCOLORS PN-12,5 SDR-13,6	PE100	SMARTCOLORS - HDPE	40	6	PN-12,5 SDR-13,6	40,0	40,4	3,0	3,5	0,360251	0,333024	0,387478	1,4	19,7	110	1		
40mm x 12m SMARTCOLORS PN-12,5 SDR-13,6	PE100	SMARTCOLORS - HDPE	40	12	PN-12,5 SDR-13,6	40,0	40,4	3,0	3,5	0,360251	0,333024	0,387478	1,4	19,7	110	1		
40mm x 50m SMARTCOLORS PN-12,5 SDR-13,6	PE100	SMARTCOLORS - HDPE	40	50	PN-12,5 SDR-13,6	40,0	40,4	3,0	3,5	0,360251	0,333024	0,387478	1,4	19,7	110	1		
40mm x 100m SMARTCOLORS PN-12,5 SDR-13,6	PE100	SMARTCOLORS - HDPE	40	100	PN-12,5 SDR-13,6	40,0	40,4	3,0	3,5	0,360251	0,333024	0,387478	1,4	19,7	110	1		
40mm x 150m SMARTCOLORS PN-12,5 SDR-13,6	PE100	SMARTCOLORS - HDPE	40	150	PN-12,5 SDR-13,6	40,0	40,4	3,0	3,5	0,360251	0,333024	0,387478	1,4	19,7	110	1		
40mm x 200m SMARTCOLORS PN-12,5 SDR-13,6	PE100	SMARTCOLORS - HDPE	40	200	PN-12,5 SDR-13,6	40,0	40,4	3,0	3,5	0,360251	0,333024	0,387478	1,4	19,7	110	1		
40mm x 6m HDPE PN-10 SDR-17	PE100	HDPE	40	6	PN-10 SDR-17	40,0	40,4	2,4	2,8	0,293301	0,270740	0,315863	1,4	15,5	110	1	NEGRO	AZUL
40mm x 12m HDPE PN-10 SDR-17	PE100	HDPE	40	12	PN-10 SDR-17	40,0	40,4	2,4	2,8	0,293301	0,270740	0,315863	1,4	15,5	110	1	NEGRO	AZUL
40mm x 50m HDPE PN-10 SDR-17	PE100	HDPE	40	50	PN-10 SDR-17	40,0	40,4	2,4	2,8	0,293301	0,270740	0,315863	1,4	15,5	110	1	NEGRO	AZUL
40mm x 100m HDPE PN-10 SDR-17	PE100	HDPE	40	100	PN-10 SDR-17	40,0	40,4	2,4	2,8	0,293301	0,270740	0,315863	1,4	15,5	110	1	NEGRO	AZUL
40mm x 150m HDPE PN-10 SDR-17	PE100	HDPE	40	150	PN-10 SDR-17	40,0	40,4	2,4	2,8	0,293301	0,270740	0,315863	1,4	15,5	110	1	NEGRO	AZUL
40mm x 200m HDPE PN-10 SDR-17	PE100	HDPE	40	200	PN-10 SDR-17	40,0	40,4	2,4	2,8	0,293301	0,270740	0,315863	1,4	15,5	110	1	NEGRO	AZUL
40mm x 6m SMARTCOLORS PN-10 SDR-17	PE100	SMARTCOLORS - HDPE	40	6	PN-10 SDR-17	40,0	40,4	2,4	2,8	0,293301	0,270740	0,315863	1,4	15,5	110	1		
40mm x 12m SMARTCOLORS PN-10 SDR-17	PE100	SMARTCOLORS - HDPE	40	12	PN-10 SDR-17	40,0	40,4	2,4	2,8	0,293301	0,270740	0,315863	1,4	15,5	110	1		
40mm x 50m SMARTCOLORS PN-10 SDR-17	PE100	SMARTCOLORS - HDPE	40	50	PN-10 SDR-17	40,0	40,4	2,4	2,8	0,293301	0,270740	0,315863	1,4	15,5	110	1		
40mm x 100m SMARTCOLORS PN-10 SDR-17	PE100	SMARTCOLORS - HDPE	40	100	PN-10 SDR-17	40,0	40,4	2,4	2,8	0,293301	0,270740	0,315863	1,4	15,5	110	1		
40mm x 150m SMARTCOLORS PN-10 SDR-17	PE100	SMARTCOLORS - HDPE	40	150	PN-10 SDR-17	40,0	40,4	2,4	2,8	0,293301	0,270740	0,315863	1,4	15,5	110	1		
40mm x 200m SMARTCOLORS PN-10 SDR-17	PE100	SMARTCOLORS - HDPE	40	200	PN-10 SDR-17	40,0	40,4	2,4	2,8	0,293301	0,270740	0,315863	1,4	15,5	110	1		
40mm x 6m CHAQUETA PP-UV S-20	PP-R	CHAQUETA PP-UV	40	6	S-20	40,0	40,3	1,8	2,2	0,216903	0,1955	0,2383	1,4		150	1	GRIS(AQS)	SIN LÍNEA
40mm x 6m BETA/FIBRA PN-16 S-3,2	PP-RCT/FV	BETA/FIBRA	40	6	PN-16 S-3,2	40,1	40,4	5,5	6,2	0,594074	0,5620	0,6262	1,4	47	135	1	GRIS(BETA)	NARANJA
40mm x 6m BETA/FIBRA PN-12,5 S-4	PP-RCT/FV	BETA/FIBRA	40	6	PN-12,5 S-4	40,1	40,4	4,5	5,1	0,502366	0,4731	0,5316	1,4	38	135	1	GRIS(BETA)	NARANJA
40mm x 6m BETA/FIBRA PN-10 S-5	PP-RCT/FV	BETA/FIBRA	40	6	PN-10 S-5	40,1	40,4	3,7	4,2	0,423356	0,3977	0,4490	1,4	30	135	1	GRIS(BETA)	NARANJA
40mm x 6m BETA PN-16 S-3,2	PP-RCT	BETA	40	6	PN-16 S-3,2	40,1	40,4	5,5	6,2	0,569426	0,5387	0,6002	1,4	47	135	1	GRIS(BETA)	ROJO
40mm x 6m BETA PN-12,5 S-4	PP-RCT	BETA	40	6	PN-12,5 S-4	40,1	40,4	4,5	5,1	0,481523	0,4535	0,5096	1,4	38	135	1	GRIS(BETA)	BLANCO
40mm x 6m BETA PN-10 S-5	PP-RCT	BETA	40	6	PN-10 S-5	40,1	40,4	3,7	4,2	0,405791	0,3812	0,4304	1,4	30	135	1	GRIS(BETA)	AZUL
40mm x 6m AQUASYSTEM TRICAPA S-20	PP-R	AQUASYSTEM TRICAPA	40	6	S-20	40,0	40,3	1,8	2,2	0,216903	0,1955	0,2383	1,4		150	1	GRIS(AQS)	SIN LÍNEA
40mm x 6m AQUASYSTEM IPS S-14	PP-R100/CACO3	AQUASYSTEM IPS	40	6	S-14	40,0	40,3	1,8	3,0	0,307334	0,2339	0,3807	1,4		150	1	NEGRO	NARANJA
40mm x 6m AQUASYSTEM IPS S-14	PP-R100/CACO3	AQUASYSTEM IPS	40	6	S-14	40,0	40,3	1,8	3,0	0,307334	0,2339	0,3807	1,4		150	1	NEGRO	NARANJA
40mm x 5m R3 PN-20 S-2,5	PP-R	R3	40	5	PN-20 S-2,5	40,1	40,4	6,7	7,5	0,668891	0,6362	0,7015	1,4	64	135	1	GRIS(R3)	VERDE
40mm x 5m R3 PN-16 S-3,2	PP-R	R3	40	5	PN-16 S-3,2	40,1	40,4	5,5	6,2	0,571954	0,5410	0,6029	1,4	50	135	1	GRIS(R3)	ROJO
40mm x 5m R3 PN-10 S-5	PP-R	R3	40	5	PN-10 S-5	40,1	40,4	3,7	4,2	0,407592	0,3829	0,4323	1,4	32	135	1	GRIS(R3)	AZUL
40mm x 5m POLI-ONE PN-16 S-3,2	PP-R	POLI-ONE	40	5	PN-16 S-3,2	40,1	40,4	5,5	6,2	0,571954	0,5410	0,6029	1,4	50	135	1	GRIS(P1)	ROJO
40mm x 5m POLI-ONE PN-10 S-5	PP-R	POLI-ONE	40	5	PN-10 S-5	40,1	40,4	3,7	4,2	0,407592	0,3829	0,4323	1,4	32	135	1	GRIS(P1)	AZUL
40mm x 5m CHAQUETA PP-UV S-20	PP-R	CHAQUETA PP-UV	40	5	S-20	40,0	40,3	1,8	2,2	0,216903	0,1955	0,2383	1,4		150	1	GRIS(AQS)	SIN LÍNEA
40mm x 5m BETA/FIBRA PN-16 S-3,2	PP-RCT/FV	BETA/FIBRA	40	5	PN-16 S-3,2	40,1	40,4	5,5	6,2	0,594074	0,5620	0,6262	1,4	47	135	1	GRIS(BETA)	NARANJA
40mm x 5m BETA/FIBRA PN-10 S-5	PP-RCT/FV	BETA/FIBRA	40	5	PN-10 S-5	40,1	40,4	3,7	4,2	0,423356	0,3977	0,4490	1,4	30	135	1	GRIS(BETA)	NARANJA
40mm x 5m BETA PN-12,5 S-4	PP-RCT	BETA	40	5	PN-12,5 S-4	40,1	40,4	4,5	5,1	0,481523	0,4535	0,5096	1,4	38	135	1	GRIS(BETA)	BLANCO
40mm x 5m AQUASYSTEM TRICAPA S-20	PP-R	AQUASYSTEM TRICAPA	40	5	S-20	40,0	40,3	1,8	2,2	0,216903	0,1955	0,2383	1,4		150	1	GRIS(AQS)	SIN LÍNEA
400mm x 6m HDPE PN-16 SDR-11	PE100	HDPE	400	6	PN-16 SDR-11	400,0	402,4	36,3	40,1	41,598839	39,609814	43,587864	14,0	24,8	110	4	NEGRO	AZUL
400mm x 12m HDPE PN-16 SDR-11	PE100	HDPE	400	12	PN-16 SDR-11	400,0	402,4	36,3	40,1	41,598839	39,609814	43,587864	14,0	24,8	110	4	NEGRO	AZUL
400mm x 6m SMARTCOLORS PN-16 SDR-11	PE100	SMARTCOLORS - HDPE	400	6	PN-16 SDR-11	400,0	402,4	36,3	40,1	41,598839	39,609814	43,587864	14,0	24,8	110	4		
400mm x 12m SMARTCOLORS PN-16 SDR-11	PE100	SMARTCOLORS - HDPE	400	12	PN-16 SDR-11	400,0	402,4	36,3	40,1	41,598839	39,609814	43,587864	14,0	24,8	110	4		
400mm x 6m HDPE PN-12,5 SDR-13,6	PE100	HDPE	400	6	PN-12,5 SDR-13,6	400,0	402,4	29,4	32,5	34,378588	32,689300	36,067876	14,0	19,7	110	4	NEGRO	AZUL
400mm x 12m HDPE PN-12,5 SDR-13,6	PE100	HDPE	400	12	PN-12,5 SDR-13,6	400,0	402,4	29,4	32,5	34,378588	32,689300	36,067876	14,0	19,7	110	4	NEGRO	AZUL
400mm x 6m SMARTCOLORS PN-12,5 SDR-13,6	PE100	SMARTCOLORS - HDPE	400	6	PN-12,5 SDR-13,6	400,0	402,4	29,4	32,5	34,378588	32,689300	36,067876	14,0	19,7	110	4		
400mm x 12m SMARTCOLORS PN-12,5 SDR-13,6	PE100	SMARTCOLORS - HDPE	400	12	PN-12,5 SDR-13,6	400,0	402,4	29,4	32,5	34,378588	32,689300	36,067876	14,0	19,7	110	4		
400mm x 6m HDPE PN-10 SDR-17	PE100	HDPE	400	6	PN-10 SDR-17	400,0	402,4	23,7	26,2	28,164176	26,756878	29,571473	14,0	15,5	110	4	NEGRO	AZUL
400mm x 12m HDPE PN-10 SDR-17	PE100	HDPE	400	12	PN-10 SDR-17	400,0	402,4	23,7	26,2	28,164176	26,756878	29,571473	14,0	15,5	110	4	NEGRO	AZUL
400mm x 6m SMARTCOLORS PN-10 SDR-17	PE100	SMARTCOLORS - HDPE	400	6	PN-10 SDR-17	400,0	402,4	23,7	26,2	28,164176	26,756878	29,571473	14,0	15,5	110	4		
400mm x 12m SMARTCOLORS PN-10 SDR-17	PE100	SMARTCOLORS - HDPE	400	12	PN-10 SDR-17	400,0	402,4	23,7	26,2	28,164176	26,756878	29,571473	14,0	15,5	110	4		
400mm x 6m HDPE PN-6 SDR-27,6	PE100	HDPE	400	6	PN-6 SDR-27,6	400,0	402,4	14,5	16,7	18,047724	16,770471	19,324977	14,0	9,3	110	2	NEGRO	AZUL
400mm x 12m HDPE PN-6 SDR-27,6	PE100	HDPE	400	12	PN-6 SDR-27,6	400,0	402,4	14,5	16,7	18,047724	16,770471	19,324977	14,0	9,3	110	2	NEGRO	AZUL
400mm x 6m SMARTCOLORS PN-6 SDR-27,6	PE100	SMARTCOLORS - HDPE	400	6	PN-6 SDR-27,6	400,0	402,4	14,5	16,7	18,047724	16,770471	19,324977	14,0	9,3	110	2		
400mm x 12m SMARTCOLORS PN-6 SDR-27,6	PE100	SMARTCOLORS - HDPE	400	12	PN-6 SDR-27,6	400,0	402,4	14,5	16,7	18,047724	16,770471	19,324977	14,0	9,3	110	2		
400mm x 6m BETA/FIBRA PN-10 S-5	PP-RCT/FV	BETA/FIBRA	400	6	PN-10 S-5	400,1	403,6	36,3	40,2	41,069602	38,9984	43,1408	14,0	30	135	4	GRIS(BETA)	NARANJA
355mm x 6m HDPE PN-16 SDR-11	PE100	HDPE	355	6	PN-16 SDR-11	355,0	357,2	32,2	36,5	33,151979	31,184751	35,119207	12,5	24,8	110	4	NEGRO	AZUL
355mm x 6m HDPE PN-20 SDR-9	PE100	HDPE	355	6	PN-20 SDR-9	355,0	357,2	39,7	43,8	39,369362	37,554964	41,183759	12,5	31	110	4	NEGRO	AZUL
355mm x 6m HDPE PN-6 SDR-27,6	PE100	HDPE	355	6	PN-6 SDR-27,6	355,0	357,2	13,6	14,9	14,616029	13,930134	15,301924	12,5	9,3	110	2	NEGRO	AZUL
355mm x 12m HDPE PN-6 SDR-27,6	PE100	HDPE	355	12	PN-6 SDR-27,6	355,0	357,2	13,6	14,9	14,616029	13,930134	15,301924	12,5	9,3	110	2	NEGRO	AZUL
355mm x 12m HDPE PN-16 SDR-11	PE100	HDPE	355	12	PN-16 SDR-11	355,0	357,2	32,2	36,5	33,151979	31,184751	35,119207	12,5	24,8	110	4	NEGRO	AZUL
355mm x 6m SMARTCOLORS PN-16 SDR-11	PE100	SMARTCOLORS - HDPE	355	6	PN-16 SDR-11	355,0	357,2	32,2	36,5	33,151979	31,184751	35,119207	12,5	24,8	110	4		
355mm x 12m SMARTCOLORS PN-16 SDR-11	PE100	SMARTCOLORS - HDPE	355	12	PN-16 SDR-11	355,0	357,2	32,2	36,5	33,151979	31,184751	35,119207	12,5	24,8	110	4		
355mm x 6m HDPE PN-12,5 SDR-13,6	PE100	HDPE	355	6	PN-12,5 SDR-13,6	355,0	357,2	26,1	28,9	27,110214	25,754745	28,465683	12,5	19,7	110	4	NEGRO	AZUL
355mm x 12m HDPE PN-12,5 SDR-13,6	PE100	HDPE	355	12	PN-12,5 SDR-13,6	355,0	357,2	26,1	28,9	27,110214	25,754745	28,465683	12,5	19,7	110	4	NEGRO	AZUL
355mm x 6m SMARTCOLORS PN-12,5 SDR-13,6	PE100	SMARTCOLORS - HDPE	355	6	PN-12,5 SDR-13,6	355,0	357,2	26,1	28,9	27,110214	25,754745	28,465683	12,5	19,7	110	4		
355mm x 12m SMARTCOLORS PN-12,5 SDR-13,6	PE100	SMARTCOLORS - HDPE	355	12	PN-12,5 SDR-13,6	355,0	357,2	26,1	28,9	27,110214	25,754745	28,465683	12,5	19,7	110	4		
355mm x 6m HDPE PN-10 SDR-17	PE100	HDPE	355	6	PN-10 SDR-17	355,0	357,2	21,1	23,4	22,285938	21,137409	23,434466	12,5	15,5	110	4	NEGRO	AZUL
355mm x 12m HDPE PN-10 SDR-17	PE100	HDPE	355	12	PN-10 SDR-17	355,0	357,2	21,1	23,4	22,285938	21,137409	23,434466	12,5	15,5	110	4	NEGRO	AZUL
355mm x 6m SMARTCOLORS PN-10 SDR-17	PE100	SMARTCOLORS - HDPE	355	6	PN-10 SDR-17	355,0	357,2	21,1	23,4	22,285938	21,137409	23,434466	12,5	15,5	110	4		
355mm x 12m SMARTCOLORS PN-10 SDR-17	PE100	SMARTCOLORS - HDPE	355	12	PN-10 SDR-17	355,0	357,2	21,1	23,4	22,285938	21,137409	23,434466	12,5	15,5	110	4		
32mm x 6m R3 PN-20 S-2,5	PP-R	R3	32	6	PN-20 S-2,5	32,3	32,5	5,4	6,1	0,435427	0,4130	0,4579	1,3	64	135	1	GRIS(R3)	VERDE
32mm x 6m R3 PN-16 S-3,2	PP-R	R3	32	6	PN-16 S-3,2	32,2	32,5	4,4	5,0	0,369352	0,3478	0,3909	1,3	50	135	1	GRIS(R3)	ROJO
32mm x 6m R3 PN-10 S-5	PP-R	R3	32	6	PN-10 S-5	32,3	32,5	2,9	3,3	0,258185	0,2424	0,2740	1,3	32	135	1	GRIS(R3)	AZUL
32mm X 6m PVDF SDR-13,6 S-6,3	PVDF	PVDF	40	6	SDR-13,6	32,0	32,3	2,4	2,9	0,437017	0,3973	0,4768				1	BLANCO(PVDF)	SIN LÍNEA
32mm x 6m PP-H PN-16 S-3,2	PP-H	PP-H	32	6	PN-16 S-3,2	32,3	32,5	4,4	5,0	0,369978	0,3490	0,3909	1,3	65,6	150	1	GRIS(PP-H)	SIN LÍNEA
32mm x 6m PP-H PN-10 S-5	PP-H	PP-H	32	6	PN-10 S-5	32,3	32,5	2,9	3,3	0,258185	0,2424	0,2740	1,3	42	150	1	GRIS(PP-H)	SIN LÍNEA
32mm x 6m SMART PIPE/PP-RCT PN-16 S-3,2	PP-RCT	SMART PIPE/PP-RCT	32	6	PN-16 S-3,2	32,3	32,5	4,4	5,0	0,368342	0,3475	0,3892	1,3	47	135	1	GRIS(BETA)	ROJO
40mm x 6m PPR-DG PN-16 S-3,2 MC	PP-R	PPR-DG	40	6	PN-16 S-3,2	40,1	40,4	5,5	6,2	0,571954	0,5410	0,6029	1,4	50	135	1	GRIS(BETA)	ROJO
40mm x 6m PPR-DG PN-20 S-2,5 MC	PP-R	PPR-DG	40	6	PN-20 S-2,5	40,1	40,4	5,5	6,2	0,571954	0,5410	0,6029	1,4	64	135	1	GRIS(BETA)	VERDE
63mm x 6m PPR-DG PN-20 S-2,5 MC	PP-R	PPR-DG	63	6	PN-20 S-2,5	63,1	63,6	10,5	11,7	1,648352	1,5703	1,7264	1,5	64	135	2	GRIS(BETA)	VERDE
32mm x 6m PPR-DG PN-20 S-2,5 MC	PP-R	PPR-DG	32	6	PN-20 S-2,5	32,3	32,5	5,4	6,1	0,435427	0,4130	0,4579	1,3	64	135	1	GRIS(BETA)	VERDE
32mm x 6m POLI-ONE/BETA PN-16 S-3,2	PP-RCT	POLI-ONE/BETA	32	6	PN-16 S-3,2	32,3	32,5	4,4	5,0	0,368342	0,3475	0,3892	1,3	47	135	1	GRIS(P1)	ROJO
32mm x 6m POLI-ONE PN-20 S-2,5	PP-R	POLI-ONE	32	6	PN-20 S-2,5	32,3	32,5	5,4	6,1	0,435427	0,4130	0,4579	1,3	64	135	1	GRIS(P1)	VERDE
32mm x 6m PPR-DG PN-16 S-3,2	PP-R	PPR-DG	32	6	PN-16 S-3,2	32,3	32,5	4,4	5,0	0,369978	0,3490	0,3909	1,3	50	135	1	GRIS(P1)	ROJO
32mm x 6m POLI-ONE PN-10 S-5	PP-R	POLI-ONE	32	6	PN-10 S-5	32,3	32,5	2,9	3,3	0,258185	0,2424	0,2740	1,3	32	135	1	GRIS(P1)	AZUL
32mm x 6m POLI-ONE DG PN-20 S-2,5	PP-R	POLI-ONE DG	32	6	PN-20 S-2,5	32,3	32,5	5,4	6,1	0,435427	0,4130	0,4579	1,3	64	135	1	GRIS(P1)	VERDE
32mm x 6m HDPE PN-20 SDR-9	PE100	HDPE	32	6	PN-20 SDR-9	32,0	32,3	3,6	4,1	0,326814	0,306742	0,346885	1,3	31	110	1	NEGRO	AZUL
32mm x 12m HDPE PN-20 SDR-9	PE100	HDPE	32	12	PN-20 SDR-9	32,0	32,3	3,6	4,1	0,326814	0,306742	0,346885	1,3	31	110	1	NEGRO	AZUL
32mm x 50m HDPE PN-20 SDR-9	PE100	HDPE	32	50	PN-20 SDR-9	32,0	32,3	3,6	4,1	0,326814	0,306742	0,346885	1,3	31	110	1	NEGRO	AZUL
32mm x 100m HDPE PN-20 SDR-9	PE100	HDPE	32	100	PN-20 SDR-9	32,0	32,3	3,6	4,1	0,326814	0,306742	0,346885	1,3	31	110	1	NEGRO	AZUL
32mm x 150m HDPE PN-20 SDR-9	PE100	HDPE	32	150	PN-20 SDR-9	32,0	32,3	3,6	4,1	0,326814	0,306742	0,346885	1,3	31	110	1	NEGRO	AZUL
32mm x 200m HDPE PN-20 SDR-9	PE100	HDPE	32	200	PN-20 SDR-9	32,0	32,3	3,6	4,1	0,326814	0,306742	0,346885	1,3	31	110	1	NEGRO	AZUL
32mm x 6m SMARTCOLORS PN-20 SDR-9	PE100	SMARTCOLORS - HDPE	32	6	PN-20 SDR-9	32,0	32,3	3,6	4,1	0,326814	0,306742	0,346885	1,3	31	110	1		
32mm x 12m SMARTCOLORS PN-20 SDR-9	PE100	SMARTCOLORS - HDPE	32	12	PN-20 SDR-9	32,0	32,3	3,6	4,1	0,326814	0,306742	0,346885	1,3	31	110	1		
32mm x 50m SMARTCOLORS PN-20 SDR-9	PE100	SMARTCOLORS - HDPE	32	50	PN-20 SDR-9	32,0	32,3	3,6	4,1	0,326814	0,306742	0,346885	1,3	31	110	1		
32mm x 100m SMARTCOLORS PN-20 SDR-9	PE100	SMARTCOLORS - HDPE	32	100	PN-20 SDR-9	32,0	32,3	3,6	4,1	0,326814	0,306742	0,346885	1,3	31	110	1		
32mm x 150m SMARTCOLORS PN-20 SDR-9	PE100	SMARTCOLORS - HDPE	32	150	PN-20 SDR-9	32,0	32,3	3,6	4,1	0,326814	0,306742	0,346885	1,3	31	110	1		
32mm x 200m SMARTCOLORS PN-20 SDR-9	PE100	SMARTCOLORS - HDPE	32	200	PN-20 SDR-9	32,0	32,3	3,6	4,1	0,326814	0,306742	0,346885	1,3	31	110	1		
32mm x 6m HDPE PN-16 SDR-11	PE100	HDPE	32	6	PN-16 SDR-11	32,0	32,3	3,0	3,4	0,277910	0,261019	0,294801	1,3	24,8	110	1	NEGRO	AZUL
32mm x 12m HDPE PN-16 SDR-11	PE100	HDPE	32	12	PN-16 SDR-11	32,0	32,3	3,0	3,4	0,277910	0,261019	0,294801	1,3	24,8	110	1	NEGRO	AZUL
32mm x 50m HDPE PN-16 SDR-11	PE100	HDPE	32	50	PN-16 SDR-11	32,0	32,3	3,0	3,4	0,277910	0,261019	0,294801	1,3	24,8	110	1	NEGRO	AZUL
32mm x 100m HDPE PN-16 SDR-11	PE100	HDPE	32	100	PN-16 SDR-11	32,0	32,3	3,0	3,4	0,277910	0,261019	0,294801	1,3	24,8	110	1	NEGRO	AZUL
32mm x 150m HDPE PN-16 SDR-11	PE100	HDPE	32	150	PN-16 SDR-11	32,0	32,3	3,0	3,4	0,277910	0,261019	0,294801	1,3	24,8	110	1	NEGRO	AZUL
32mm x 200m HDPE PN-16 SDR-11	PE100	HDPE	32	200	PN-16 SDR-11	32,0	32,3	3,0	3,4	0,277910	0,261019	0,294801	1,3	24,8	110	1	NEGRO	AZUL
32mm x 6m SMARTCOLORS PN-16 SDR-11	PE100	SMARTCOLORS - HDPE	32	6	PN-16 SDR-11	32,0	32,3	3,0	3,4	0,277910	0,261019	0,294801	1,3	24,8	110	1		
32mm x 12m SMARTCOLORS PN-16 SDR-11	PE100	SMARTCOLORS - HDPE	32	12	PN-16 SDR-11	32,0	32,3	3,0	3,4	0,277910	0,261019	0,294801	1,3	24,8	110	1		
32mm x 50m SMARTCOLORS PN-16 SDR-11	PE100	SMARTCOLORS - HDPE	32	50	PN-16 SDR-11	32,0	32,3	3,0	3,4	0,277910	0,261019	0,294801	1,3	24,8	110	1		
32mm x 100m SMARTCOLORS PN-16 SDR-11	PE100	SMARTCOLORS - HDPE	32	100	PN-16 SDR-11	32,0	32,3	3,0	3,4	0,277910	0,261019	0,294801	1,3	24,8	110	1		
32mm x 150m SMARTCOLORS PN-16 SDR-11	PE100	SMARTCOLORS - HDPE	32	150	PN-16 SDR-11	32,0	32,3	3,0	3,4	0,277910	0,261019	0,294801	1,3	24,8	110	1		
32mm x 200m SMARTCOLORS PN-16 SDR-11	PE100	SMARTCOLORS - HDPE	32	200	PN-16 SDR-11	32,0	32,3	3,0	3,4	0,277910	0,261019	0,294801	1,3	24,8	110	1		
32mm x 6m HDPE PN-12,5 SDR-13,6	PE100	HDPE	32	6	PN-12,5 SDR-13,6	32,0	32,3	2,4	2,8	0,230477	0,213136	0,247818	1,3	19,7	110	1	NEGRO	AZUL
32mm x 12m HDPE PN-12,5 SDR-13,6	PE100	HDPE	32	12	PN-12,5 SDR-13,6	32,0	32,3	2,4	2,8	0,230477	0,213136	0,247818	1,3	19,7	110	1	NEGRO	AZUL
32mm x 50m HDPE PN-12,5 SDR-13,6	PE100	HDPE	32	50	PN-12,5 SDR-13,6	32,0	32,3	2,4	2,8	0,230477	0,213136	0,247818	1,3	19,7	110	1	NEGRO	AZUL
32mm x 100m HDPE PN-12,5 SDR-13,6	PE100	HDPE	32	100	PN-12,5 SDR-13,6	32,0	32,3	2,4	2,8	0,230477	0,213136	0,247818	1,3	19,7	110	1	NEGRO	AZUL
32mm x 150m HDPE PN-12,5 SDR-13,6	PE100	HDPE	32	150	PN-12,5 SDR-13,6	32,0	32,3	2,4	2,8	0,230477	0,213136	0,247818	1,3	19,7	110	1	NEGRO	AZUL
32mm x 200m HDPE PN-12,5 SDR-13,6	PE100	HDPE	32	200	PN-12,5 SDR-13,6	32,0	32,3	2,4	2,8	0,230477	0,213136	0,247818	1,3	19,7	110	1	NEGRO	AZUL
32mm x 6m SMARTCOLORS PN-12,5 SDR-13,6	PE100	SMARTCOLORS - HDPE	32	6	PN-12,5 SDR-13,6	32,0	32,3	2,4	2,8	0,230477	0,213136	0,247818	1,3	19,7	110	1		
32mm x 12m SMARTCOLORS PN-12,5 SDR-13,6	PE100	SMARTCOLORS - HDPE	32	12	PN-12,5 SDR-13,6	32,0	32,3	2,4	2,8	0,230477	0,213136	0,247818	1,3	19,7	110	1		
32mm x 50m SMARTCOLORS PN-12,5 SDR-13,6	PE100	SMARTCOLORS - HDPE	32	50	PN-12,5 SDR-13,6	32,0	32,3	2,4	2,8	0,230477	0,213136	0,247818	1,3	19,7	110	1		
32mm x 100m SMARTCOLORS PN-12,5 SDR-13,6	PE100	SMARTCOLORS - HDPE	32	100	PN-12,5 SDR-13,6	32,0	32,3	2,4	2,8	0,230477	0,213136	0,247818	1,3	19,7	110	1		
32mm x 150m SMARTCOLORS PN-12,5 SDR-13,6	PE100	SMARTCOLORS - HDPE	32	150	PN-12,5 SDR-13,6	32,0	32,3	2,4	2,8	0,230477	0,213136	0,247818	1,3	19,7	110	1		
32mm x 200m SMARTCOLORS PN-12,5 SDR-13,6	PE100	SMARTCOLORS - HDPE	32	200	PN-12,5 SDR-13,6	32,0	32,3	2,4	2,8	0,230477	0,213136	0,247818	1,3	19,7	110	1		
32mm x 6m HDPE PN-10 SDR-17	PE100	HDPE	32	6	PN-10 SDR-17	32,0	32,3	2,0	2,3	0,193514	0,180013	0,207015	1,3	15,5	110	1	NEGRO	AZUL
32mm x 12m HDPE PN-10 SDR-17	PE100	HDPE	32	12	PN-10 SDR-17	32,0	32,3	2,0	2,3	0,193514	0,180013	0,207015	1,3	15,5	110	1	NEGRO	AZUL
32mm x 50m HDPE PN-10 SDR-17	PE100	HDPE	32	50	PN-10 SDR-17	32,0	32,3	2,0	2,3	0,193514	0,180013	0,207015	1,3	15,5	110	1	NEGRO	AZUL
32mm x 100m HDPE PN-10 SDR-17	PE100	HDPE	32	100	PN-10 SDR-17	32,0	32,3	2,0	2,3	0,193514	0,180013	0,207015	1,3	15,5	110	1	NEGRO	AZUL
32mm x 150m HDPE PN-10 SDR-17	PE100	HDPE	32	150	PN-10 SDR-17	32,0	32,3	2,0	2,3	0,193514	0,180013	0,207015	1,3	15,5	110	1	NEGRO	AZUL
32mm x 200m HDPE PN-10 SDR-17	PE100	HDPE	32	200	PN-10 SDR-17	32,0	32,3	2,0	2,3	0,193514	0,180013	0,207015	1,3	15,5	110	1	NEGRO	AZUL
32mm x 6m SMARTCOLORS PN-10 SDR-17	PE100	SMARTCOLORS - HDPE	32	6	PN-10 SDR-17	32,0	32,3	2,0	2,3	0,193514	0,180013	0,207015	1,3	15,5	110	1		
32mm x 12m SMARTCOLORS PN-10 SDR-17	PE100	SMARTCOLORS - HDPE	32	12	PN-10 SDR-17	32,0	32,3	2,0	2,3	0,193514	0,180013	0,207015	1,3	15,5	110	1		
32mm x 50m SMARTCOLORS PN-10 SDR-17	PE100	SMARTCOLORS - HDPE	32	50	PN-10 SDR-17	32,0	32,3	2,0	2,3	0,193514	0,180013	0,207015	1,3	15,5	110	1		
32mm x 100m SMARTCOLORS PN-10 SDR-17	PE100	SMARTCOLORS - HDPE	32	100	PN-10 SDR-17	32,0	32,3	2,0	2,3	0,193514	0,180013	0,207015	1,3	15,5	110	1		
32mm x 150m SMARTCOLORS PN-10 SDR-17	PE100	SMARTCOLORS - HDPE	32	150	PN-10 SDR-17	32,0	32,3	2,0	2,3	0,193514	0,180013	0,207015	1,3	15,5	110	1		
32mm x 200m SMARTCOLORS PN-10 SDR-17	PE100	SMARTCOLORS - HDPE	32	200	PN-10 SDR-17	32,0	32,3	2,0	2,3	0,193514	0,180013	0,207015	1,3	15,5	110	1		
32mm x 100m HDPE PN-6 SDR-27,6	PE100	HDPE	32	100	PN-6 SDR-27,6	32,0	32,4	1,6	2,0	0,164172	0,145931	0,182413	1,3	9,3	110	1	NEGRO	AZUL
32mm x 200m HDPE PN-6 SDR-27,6	PE100	HDPE	32	200	PN-6 SDR-27,6	32,0	32,4	1,6	2,0	0,164172	0,145931	0,182413	1,3	9,3	110	1	NEGRO	AZUL
32mm x 6m BETA/FIBRA/BOX	PP-RCT/FV/BOX	EVO	32	6		32,6	32,8	4,6	5,2	0,382444	0,3619	0,4030	1,3			1	GRIS(BETA)	SIN LÍNEA
32mm x 6m BETA/FIBRA PN-16 S-3,2	PP-RCT/FV	BETA/FIBRA	32	6	PN-16 S-3,2	32,3	32,5	4,4	5,0	0,384286	0,3625	0,4061	1,3	47	135	1	GRIS(BETA)	NARANJA
32mm x 6m BETA/FIBRA PN-12,5 S-4	PP-RCT/FV	BETA/FIBRA	32	6	PN-12,5 S-4	32,3	32,5	3,6	4,1	0,324486	0,3051	0,3439	1,3	38	135	1	GRIS(BETA)	NARANJA
32mm x 6m BETA/FIBRA PN-10 S-5	PP-RCT/FV	BETA/FIBRA	32	6	PN-10 S-5	32,3	32,5	2,9	3,3	0,268171	0,2518	0,2846	1,3	30	135	1	GRIS(BETA)	NARANJA
32mm x 6m BETA PN-16 S-3,2	PP-RCT	BETA	32	6	PN-16 S-3,2	32,3	32,5	4,4	5,0	0,368342	0,3475	0,3892	1,3	47	135	1	GRIS(BETA)	ROJO
32mm x 6m BETA PN-12,5 S-4	PP-RCT	BETA	32	6	PN-12,5 S-4	32,3	32,5	3,6	4,1	0,311023	0,2925	0,3296	1,3	38	135	1	GRIS(BETA)	BLANCO
32mm x 6m BETA PN-10 S-5	PP-RCT	BETA	32	6	PN-10 S-5	32,3	32,5	2,9	3,3	0,257044	0,2413	0,2728	1,3	30	135	1	GRIS(BETA)	AZUL
32mm x 5m R3 PN-20 S-2,5	PP-R	R3	32	5	PN-20 S-2,5	32,3	32,5	5,4	6,1	0,435427	0,4130	0,4579	1,3	64	135	1	GRIS(R3)	VERDE
32mm x 5m R3 PN-16 S-3,2	PP-R	R3	32	5	PN-16 S-3,2	32,3	32,5	4,4	5,0	0,369978	0,3490	0,3909	1,3	50	135	1	GRIS(R3)	ROJO
32mm x 5m R3 PN-10 S-5	PP-R	R3	32	5	PN-10 S-5	32,3	32,5	2,9	3,3	0,258185	0,2424	0,2740	1,3	32	135	1	GRIS(R3)	AZUL
32mm x 6m PPR-DG PN-10 S-5 MC	PP-R	PPR-DG	32	6	PN-10 S-5	32,3	32,5	2,9	3,3	0,258185	0,2424	0,2740	1,3	32	135	1	GRIS(BETA)	AZUL
32mm x 5m POLI-ONE PN-16 S-3,2	PP-R	POLI-ONE	32	5	PN-16 S-3,2	32,3	32,5	4,4	5,0	0,369978	0,3490	0,3909	1,3	50	135	1	GRIS(P1)	ROJO
32mm x 5m POLI-ONE PN-10 S-5	PP-R	POLI-ONE	32	5	PN-10 S-5	32,3	32,5	2,9	3,3	0,258185	0,2424	0,2740	1,3	32	135	1	GRIS(P1)	AZUL
32mm x 5m BETA/FIBRA PN-16 S-3,2	PP-RCT/FV	BETA/FIBRA	32	5	PN-16 S-3,2	32,3	32,5	4,4	5,0	0,384286	0,3625	0,4061	1,3	47	135	1	GRIS(BETA)	NARANJA
32mm x 30m BETA PN-16 S-3,2	PP-RCT	BETA	32	30	PN-16 S-3,2	32,3	32,5	4,4	5,0	0,368342	0,3475	0,3892	1,3	47	135	1	GRIS(BETA)	ROJO
32mm x 30m BETA PN-12,5 S-4	PP-RCT	BETA	32	30	PN-12,5 S-4	32,3	32,5	3,6	4,1	0,311023	0,2925	0,3296	1,3	38	135	1	GRIS(BETA)	BLANCO
32mm x 100m R3 PN-10 S-5	PP-R	R3	32	100	PN-10 S-5	32,3	32,5	2,9	3,3	0,258185	0,2424	0,2740	1,3	32	135	1	GRIS(R3)	AZUL
32mm x 100m BETA PN-16 S-3,2	PP-RCT	BETA	32	100	PN-16 S-3,2	32,3	32,5	4,4	5,0	0,368342	0,3475	0,3892	1,3	47	135	1	GRIS(BETA)	ROJO
315mm x 6m R3 PN-16 S-3,2	PP-R	R3	315	6	PN-16 S-3,2	315,1	317,5	44,0	48,6	35,534887	33,9141	37,1557	11,1	50	135	4	GRIS(R3)	ROJO
315mm x 6m HDPE PN-6 SDR-27,6	PE100	HDPE	315	6	PN-6 SDR-27,6	315,0	316,9	11,4	13,2	11,205636	10,383876	12,027396	11,1	9,3	110	2	NEGRO	AZUL
315mm x 12m HDPE PN-6 SDR-27,6	PE100	HDPE	315	12	PN-6 SDR-27,6	315,0	316,9	11,4	13,2	11,205636	10,383876	12,027396	11,1	9,3	110	2	NEGRO	AZUL
315mm x 6m SMARTCOLORS PN-6 SDR-27,6	PE100	SMARTCOLORS - HDPE	315	6	PN-6 SDR-27,6	315,0	316,9	11,4	13,2	11,205636	10,383876	12,027396	11,1	9,3	110	2		
315mm x 12m SMARTCOLORS PN-6 SDR-27,6	PE100	SMARTCOLORS - HDPE	315	12	PN-6 SDR-27,6	315,0	316,9	11,4	13,2	11,205636	10,383876	12,027396	11,1	9,3	110	2		
315mm x 6m HDPE PN-16 SDR-11	PE100	HDPE	315	6	PN-16 SDR-11	315,0	316,9	28,6	31,6	25,811659	24,574909	27,048409	11,1	24,8	110	4	NEGRO	AZUL
315mm x 12m HDPE PN-16 SDR-11	PE100	HDPE	315	12	PN-16 SDR-11	315,0	316,9	28,6	31,6	25,811659	24,574909	27,048409	11,1	24,8	110	4	NEGRO	AZUL
315mm x 6m SMARTCOLORS PN-16 SDR-11	PE100	SMARTCOLORS - HDPE	315	6	PN-16 SDR-11	315,0	316,9	28,6	31,6	25,811659	24,574909	27,048409	11,1	24,8	110	4		
315mm x 12m SMARTCOLORS PN-16 SDR-11	PE100	SMARTCOLORS - HDPE	315	12	PN-16 SDR-11	315,0	316,9	28,6	31,6	25,811659	24,574909	27,048409	11,1	24,8	110	4		
315mm x 6m HDPE PN-12,5 SDR-13,6	PE100	HDPE	315	6	PN-12,5 SDR-13,6	315,0	316,9	23,2	25,7	21,381957	20,310759	22,453155	11,1	19,7	110	4	NEGRO	AZUL
315mm x 12m HDPE PN-12,5 SDR-13,6	PE100	HDPE	315	12	PN-12,5 SDR-13,6	315,0	316,9	23,2	25,7	21,381957	20,310759	22,453155	11,1	19,7	110	4	NEGRO	AZUL
315mm x 6m SMARTCOLORS PN-12,5 SDR-13,6	PE100	SMARTCOLORS - HDPE	315	6	PN-12,5 SDR-13,6	315,0	316,9	23,2	25,7	21,381957	20,310759	22,453155	11,1	19,7	110	4		
315mm x 12m SMARTCOLORS PN-12,5 SDR-13,6	PE100	SMARTCOLORS - HDPE	315	12	PN-12,5 SDR-13,6	315,0	316,9	23,2	25,7	21,381957	20,310759	22,453155	11,1	19,7	110	4		
315mm x 3m HDPE PN-10 SDR-17	PE100	HDPE	315	3	PN-10 SDR-17	315,0	316,9	18,7	20,7	17,509500	16,623640	18,395359	11,1	15,5	110	4	TRANSPARENTE	AZUL
315mm x 6m HDPE PN-10 SDR-17	PE100	HDPE	315	6	PN-10 SDR-17	315,0	316,9	18,7	20,7	17,509500	16,623640	18,395359	11,1	15,5	110	4	NEGRO	AZUL
315mm x 12m HDPE PN-10 SDR-17	PE100	HDPE	315	12	PN-10 SDR-17	315,0	316,9	18,7	20,7	17,509500	16,623640	18,395359	11,1	15,5	110	4	NEGRO	AZUL
315mm x 6m SMARTCOLORS PN-10 SDR-17	PE100	SMARTCOLORS - HDPE	315	6	PN-10 SDR-17	315,0	316,9	18,7	20,7	17,509500	16,623640	18,395359	11,1	15,5	110	4		
315mm x 12m SMARTCOLORS PN-10 SDR-17	PE100	SMARTCOLORS - HDPE	315	12	PN-10 SDR-17	315,0	316,9	18,7	20,7	17,509500	16,623640	18,395359	11,1	15,5	110	4		
315mm x 6m CHAQUETA PP-UV S-16	PP-R	CHAQUETA PP-UV	315	6	S-16	315,0	316,0	9,7	10,9	8,937407	8,4197	9,4551	11,1		150	2	GRIS(AQS)	SIN LÍNEA
315mm x 6m BETA/FIBRA PN-16 S-3,2	PP-RCT/FV	BETA/FIBRA	315	6	PN-16 S-3,2	315,1	317,5	44,0	48,6	36,909164	35,2257	38,5926	11,1	47	135	4	GRIS(BETA)	NARANJA
315mm x 6m BETA PN-10 S-5 	PP-RCT	BETA	315	6	PN-10 S-5	315,1	317,5	28,1	31,7	24,236155	22,8277	25,6446	11,1	30	135	4	GRIS(BETA)	AZUL
315mm x 6m AQUASYSTEM TRICAPA S-16	PP-R	AQUASYSTEM TRICAPA	315	6	S-16	315,0	316,0	9,7	10,9	8,937407	8,4197	9,4551	11,1		150	2	GRIS(AQS)	SIN LÍNEA
315mm x 5m CHAQUETA PP-UV S-16	PP-R	CHAQUETA PP-UV	315	5	S-16	315,0	316,0	9,7	10,9	8,937407	8,4197	9,4551	11,1		150	2	GRIS(AQS)	SIN LÍNEA
315mm x 5m BETA PN-16 S-3,2 	PP-RCT	BETA	315	5	PN-16 S-3,2	315,1	317,5	44,0	48,6	35,377827	33,7642	36,9915	11,1	47	135	4	GRIS(BETA)	ROJO
315mm x 5m AQUASYSTEM TRICAPA S-16	PP-R	AQUASYSTEM TRICAPA	315	5	S-16	315,0	316,0	9,7	10,9	8,937407	8,4197	9,4551	11,1		150	2	GRIS(AQS)	SIN LÍNEA
280mm x 6m HDPE PN-16 SDR-11	PE100	HDPE	280	6	PN-16 SDR-11	280,0	281,7	25,4	28,1	20,390985	19,401933	21,380037	9,8	24,8	110	4	NEGRO	AZUL
280mm x 12m HDPE PN-16 SDR-11	PE100	HDPE	280	12	PN-16 SDR-11	280,0	281,7	25,4	28,1	20,390985	19,401933	21,380037	9,8	24,8	110	4	NEGRO	AZUL
280mm x 6m SMARTCOLORS PN-16 SDR-11	PE100	SMARTCOLORS - HDPE	280	6	PN-16 SDR-11	280,0	281,7	25,4	28,1	20,390985	19,401933	21,380037	9,8	24,8	110	4		
280mm x 12m SMARTCOLORS PN-16 SDR-11	PE100	SMARTCOLORS - HDPE	280	12	PN-16 SDR-11	280,0	281,7	25,4	28,1	20,390985	19,401933	21,380037	9,8	24,8	110	4		
280mm x 6m HDPE PN-12,5 SDR-13,6	PE100	HDPE	280	6	PN-12,5 SDR-13,6	280,0	281,7	20,6	22,8	16,871068	16,032087	17,710049	9,8	19,7	110	4	NEGRO	AZUL
280mm x 12m HDPE PN-12,5 SDR-13,6	PE100	HDPE	280	12	PN-12,5 SDR-13,6	280,0	281,7	20,6	22,8	16,871068	16,032087	17,710049	9,8	19,7	110	4	NEGRO	AZUL
280mm x 6m SMARTCOLORS PN-12,5 SDR-13,6	PE100	SMARTCOLORS - HDPE	280	6	PN-12,5 SDR-13,6	280,0	281,7	20,6	22,8	16,871068	16,032087	17,710049	9,8	19,7	110	4		
280mm x 12m SMARTCOLORS PN-12,5 SDR-13,6	PE100	SMARTCOLORS - HDPE	280	12	PN-12,5 SDR-13,6	280,0	281,7	20,6	22,8	16,871068	16,032087	17,710049	9,8	19,7	110	4		
280mm x 6m HDPE PN-6 SDR-27,6	PE100	HDPE	280	6	PN-6 SDR-27,6	280,0	281,7	10,2	11,8	8,905818	8,256481	9,555156	9,8	9,3	110	2	NEGRO	AZUL
280mm x 12m HDPE PN-6 SDR-27,6	PE100	HDPE	280	12	PN-6 SDR-27,6	280,0	281,7	10,2	11,8	8,905818	8,256481	9,555156	9,8	9,3	110	2	NEGRO	AZUL
280mm x 6m SMARTCOLORS PN-6 SDR-27,6	PE100	SMARTCOLORS - HDPE	280	6	PN-6 SDR-27,6	280,0	281,7	10,2	11,8	8,905818	8,256481	9,555156	9,8	9,3	110	2		
280mm x 12m SMARTCOLORS PN-6 SDR-27,6	PE100	SMARTCOLORS - HDPE	280	12	PN-6 SDR-27,6	280,0	281,7	10,2	11,8	8,905818	8,256481	9,555156	9,8	9,3	110	2		
280mm x 6m HDPE PN-10 SDR-17	PE100	HDPE	280	6	PN-10 SDR-17	280,0	281,7	16,6	18,4	13,826747	13,118275	14,535218	9,8	15,5	110	4	NEGRO	AZUL
280mm x 12m HDPE PN-10 SDR-17	PE100	HDPE	280	12	PN-10 SDR-17	280,0	281,7	16,6	18,4	13,826747	13,118275	14,535218	9,8	15,5	110	4	NEGRO	AZUL
280mm x 6m SMARTCOLORS PN-10 SDR-17	PE100	SMARTCOLORS - HDPE	280	6	PN-10 SDR-17	280,0	281,7	16,6	18,4	13,826747	13,118275	14,535218	9,8	15,5	110	4		
280mm x 12m SMARTCOLORS PN-10 SDR-17	PE100	SMARTCOLORS - HDPE	280	12	PN-10 SDR-17	280,0	281,7	16,6	18,4	13,826747	13,118275	14,535218	9,8	15,5	110	4		
25mm x 6m R3 PN-20 S-2,5	PP-R	R3	25	6	PN-20 S-2,5	25,3	25,5	4,2	4,8	0,267227	0,2520	0,2825	1,2	64	135	1	GRIS(R3)	VERDE
25mm x 6m R3 PN-16 S-3,2	PP-R	R3	25	6	PN-16 S-3,2	25,3	25,5	3,5	4,0	0,230721	0,2169	0,2445	1,2	50	135	1	GRIS(R3)	ROJO
32mm x 6m PPR-DG PN-16 S-3,2 MC	PP-R	PPR-DG	32	6	PN-16 S-3,2	32,2	32,5	4,4	5,0	0,369352	0,3478	0,3909	1,3	50	135	1	GRIS(BETA)	ROJO
25mm x 6m PPR-DG PN-20 S-2,5 MC	PP-R	PPR-DG	25	6	PN-20 S-2,5	25,3	25,5	4,2	4,8	0,267227	0,2520	0,2825	1,2	64	135	1	GRIS(BETA)	VERDE
25mm x 6m PP-R BETA PN-16 S-3,2 MC	PP-R	PP-R BETA	25	6	PN-16 S-3,2	25,3	25,5	3,5	4,0	0,230721	0,2169	0,2445	1,2	50	135	1	GRIS(BETA)	ROJO
25mm x 6m PPR-DG PN-16 S-3,2 MC	PP-R	PPR-DG	25	6	PN-16 S-3,2	25,3	25,5	3,5	4,0	0,230721	0,2169	0,2445	1,2	50	135	1	GRIS(BETA)	ROJO
25mm x 6m SMART PIPE/PP-RCT PN-16 S-3,2	PP-RCT	SMART PIPE/PP-RCT	25	6	PN-16 S-3,2	25,3	25,5	3,5	4,0	0,229701	0,2160	0,2434	1,2	47	135	1	GRIS(BETA)	ROJO
25mm x 6m POLI-ONE/BETA PN-16 S-3,2	PP-RCT	POLI-ONE/BETA	25	6	PN-16 S-3,2	25,3	25,5	3,5	4,0	0,229701	0,2160	0,2434	1,2	47	135	1	GRIS(P1)	ROJO
25mm x 6m POLI-ONE PN-20 S-2,5	PP-R	POLI-ONE	25	6	PN-20 S-2,5	25,3	25,5	4,2	4,8	0,267227	0,2520	0,2825	1,2	64	135	1	GRIS(P1)	VERDE
25mm x 6m POLI-ONE PN-16 S-3,2	PP-R	POLI-ONE	25	6	PN-16 S-3,2	25,3	25,5	3,5	4,0	0,230721	0,2169	0,2445	1,2	50	135	1	GRIS(P1)	ROJO
25mm x 6m  PP-H PN-10 S-5	PP-H	PP-H	25	6	PN-10 S-5	25,3	25,5	2,3	2,7	0,162713	0,1504	0,1750	1,2	32	150	1	GRIS(PP-H)	SIN LÍNEA
25mm x 6m  R3 PN-10 S-5	PP-R	R3	25	6	PN-10 S-5	25,3	25,5	2,3	2,7	0,162713	0,1504	0,1750	1,2	32	135	1	GRIS(R3)	AZUL
25mm x 6m POLI-ONE DG PN-20 S-2,5	PP-R	POLI-ONE DG	25	6	PN-20 S-2,5	25,3	25,5	4,2	4,8	0,267227	0,2520	0,2825	1,2	64	135	1	GRIS(P1)	VERDE
25mm x 6m POLI-ONE DG PN-16 S-3,2	PP-R	POLI-ONE DG	25	6	PN-16 S-3,2	25,3	25,5	3,5	4,0	0,230721	0,2169	0,2445	1,2	50	135	1	GRIS(P1)	ROJO
25mm x 6m BETA/FIBRA PN-16 S-3,2	PP-RCT/FV	BETA/FIBRA	25	6	PN-16 S-3,2	25,2	25,5	3,5	4,0	0,239127	0,2243	0,2540	1,2	47	135	1	GRIS(BETA)	NARANJA
25mm x 6m BETA/FIBRA PN-12,5 S-4	PP-RCT/FV	BETA/FIBRA	25	6	PN-12,5 S-4	25,2	25,5	2,8	3,2	0,197975	0,1852	0,2107	1,2	38	135	1	GRIS(BETA)	NARANJA
25mm x 6m BETA/FIBRA PN-10 S-5	PP-RCT/FV	BETA/FIBRA	25	6	PN-10 S-5	25,2	25,5	2,3	2,7	0,168666	0,1555	0,1818	1,2	30	135	1	GRIS(BETA)	NARANJA
25mm x 6m BETA PN-16 S-3,2	PP-RCT	BETA	25	6	PN-16 S-3,2	25,2	25,5	3,5	4,0	0,229206	0,2150	0,2434	1,2	47	135	1	GRIS(BETA)	ROJO
25mm x 6m BETA PN-12,5 S-4	PP-RCT	BETA	25	6	PN-12,5 S-4	25,2	25,5	2,8	3,2	0,189762	0,1775	0,2020	1,2	38	135	1	GRIS(BETA)	BLANCO
25mm x 6m BETA PN-10 S-5	PP-RCT	BETA	25	6	PN-10 S-5	25,3	25,5	2,3	2,7	0,161994	0,1497	0,1743	1,2	30	135	1	GRIS(BETA)	AZUL
25mm x 5m R3 PN-20 S-2,5	PP-R	R3	25	5	PN-20 S-2,5	25,2	25,5	4,2	4,8	0,266630	0,2508	0,2825	1,2	64	135	1	GRIS(R3)	VERDE
25mm x 5m R3 PN-16 S-3,2	PP-R	R3	25	5	PN-16 S-3,2	25,2	25,5	3,5	4,0	0,230223	0,2159	0,2445	1,2	50	135	1	GRIS(R3)	ROJO
25mm x 5m R3 PN-10 S-5	PP-R	R3	25	5	PN-10 S-5	25,3	25,5	2,3	2,7	0,162713	0,1504	0,1750	1,2	32	135	1	GRIS(R3)	AZUL
25mm x 5m POLI-ONE PN-16 S-3,2	PP-R	POLI-ONE	25	5	PN-16 S-3,2	25,3	25,5	3,5	4,0	0,230721	0,2169	0,2445	1,2	50	135	1	GRIS(P1)	ROJO
25mm x 6m PPR-DG PN-10 S-5 MC	PP-R	PPR-DG	25	6	PN-10 S-5	25,2	25,5	2,3	2,7	0,162386	0,1497	0,1750	1,2	32	135	1	GRIS(BETA)	AZUL
25mm x 5m BETA/FIBRA PN-16 S-3,2	PP-RCT/FV	BETA/FIBRA	25	5	PN-16 S-3,2	25,2	25,5	3,5	4,0	0,239127	0,2243	0,2540	1,2	47	135	1	GRIS(BETA)	NARANJA
25mm x 5m BETA/FIBRA PN-12,5 S-4	PP-RCT/FV	BETA/FIBRA	25	5	PN-12,5 S-4	25,2	25,5	2,8	3,2	0,197975	0,1852	0,2107	1,2	38	135	1	GRIS(BETA)	NARANJA
25mm x 5m BETA PN-16 S-3,2	PP-RCT	BETA	25	6	PN-16 S-3,2	25,2	25,5	3,5	4,0	0,229206	0,2150	0,2434	1,2	47	135	1	GRIS(BETA)	ROJO
25mm x 5m BETA PN-12,5 S-4	PP-RCT	BETA	25	5	PN-12,5 S-4	25,3	25,5	2,8	3,2	0,190158	0,1783	0,2020	1,2	38	135	1	GRIS(BETA)	BLANCO
25mm x 50m R3 PN-10 S-5	PP-R	R3	25	50	PN-10 S-5	25,3	25,5	2,3	2,7	0,162713	0,1504	0,1750	1,2	32	135	1	GRIS(R3)	AZUL
25mm x 50m BETA PN-16 S-3,2	PP-RCT	BETA	25	50	PN-16 S-3,2	25,2	25,5	3,5	4,0	0,229206	0,2150	0,2434	1,2	47	135	1	GRIS(BETA)	ROJO
25mm x 50m BETA PN-12,5 S-4	PP-RCT	BETA	25	50	PN-12,5 S-4	25,3	25,5	2,8	3,2	0,190158	0,1783	0,2020	1,2	38	135	1	GRIS(BETA)	BLANCO
25mm x 6m HDPE PN-12,5 SDR-13,6	PE100	HDPE	25	6	PN-12,5 SDR-13,6	25,0	25,3	2,0	2,3	0,148361	0,138010	0,158712	1,2	19,7	110	1	NEGRO	AZUL
25mm x 12m HDPE PN-12,5 SDR-13,6	PE100	HDPE	25	12	PN-12,5 SDR-13,6	25,0	25,3	2,0	2,3	0,148361	0,138010	0,158712	1,2	19,7	110	1	NEGRO	AZUL
25mm x 50m HDPE PN-12,5 SDR-13,6	PE100	HDPE	25	50	PN-12,5 SDR-13,6	25,0	25,3	2,0	2,3	0,148361	0,138010	0,158712	1,2	19,7	110	1	NEGRO	AZUL
25mm x 100m HDPE PN-12,5 SDR-13,6	PE100	HDPE	25	100	PN-12,5 SDR-13,6	25,0	25,3	2,0	2,3	0,148361	0,138010	0,158712	1,2	19,7	110	1	NEGRO	AZUL
25mm x 150m HDPE PN-12,5 SDR-13,6	PE100	HDPE	25	150	PN-12,5 SDR-13,6	25,0	25,3	2,0	2,3	0,148361	0,138010	0,158712	1,2	19,7	110	1	NEGRO	AZUL
25mm x 200m HDPE PN-12,5 SDR-13,6	PE100	HDPE	25	200	PN-12,5 SDR-13,6	25,0	25,3	2,0	2,3	0,148361	0,138010	0,158712	1,2	19,7	110	1	NEGRO	AZUL
25mm x 6m SMARTCOLORS PN-12,5 SDR-13,6	PE100	SMARTCOLORS - HDPE	25	6	PN-12,5 SDR-13,6	25,0	25,3	2,0	2,3	0,148361	0,138010	0,158712	1,2	19,7	110	1		
25mm x 12m SMARTCOLORS PN-12,5 SDR-13,6	PE100	SMARTCOLORS - HDPE	25	12	PN-12,5 SDR-13,6	25,0	25,3	2,0	2,3	0,148361	0,138010	0,158712	1,2	19,7	110	1		
25mm x 50m SMARTCOLORS PN-12,5 SDR-13,6	PE100	SMARTCOLORS - HDPE	25	50	PN-12,5 SDR-13,6	25,0	25,3	2,0	2,3	0,148361	0,138010	0,158712	1,2	19,7	110	1		
25mm x 100m SMARTCOLORS PN-12,5 SDR-13,6	PE100	SMARTCOLORS - HDPE	25	100	PN-12,5 SDR-13,6	25,0	25,3	2,0	2,3	0,148361	0,138010	0,158712	1,2	19,7	110	1		
25mm x 150m SMARTCOLORS PN-12,5 SDR-13,6	PE100	SMARTCOLORS - HDPE	25	150	PN-12,5 SDR-13,6	25,0	25,3	2,0	2,3	0,148361	0,138010	0,158712	1,2	19,7	110	1		
25mm x 200m SMARTCOLORS PN-12,5 SDR-13,6	PE100	SMARTCOLORS - HDPE	25	200	PN-12,5 SDR-13,6	25,0	25,3	2,0	2,3	0,148361	0,138010	0,158712	1,2	19,7	110	1		
25mm x 6m HDPE PN-16 SDR-11	PE100	HDPE	25	6	PN-16 SDR-11	25,0	25,3	2,3	2,7	0,169857	0,156641	0,183073	1,2	24,8	110	1	NEGRO	AZUL
25mm x 12m HDPE PN-16 SDR-11	PE100	HDPE	25	12	PN-16 SDR-11	25,0	25,3	2,3	2,7	0,169857	0,156641	0,183073	1,2	24,8	110	1	NEGRO	AZUL
25mm x 50m HDPE PN-16 SDR-11	PE100	HDPE	25	50	PN-16 SDR-11	25,0	25,3	2,3	2,7	0,169857	0,156641	0,183073	1,2	24,8	110	1	NEGRO	AZUL
25mm x 100m HDPE PN-16 SDR-11	PE100	HDPE	25	100	PN-16 SDR-11	25,0	25,3	2,3	2,7	0,169857	0,156641	0,183073	1,2	24,8	110	1	NEGRO	AZUL
25mm x 150m HDPE PN-16 SDR-11	PE100	HDPE	25	150	PN-16 SDR-11	25,0	25,3	2,3	2,7	0,169857	0,156641	0,183073	1,2	24,8	110	1	NEGRO	AZUL
25mm x 200m HDPE PN-16 SDR-11	PE100	HDPE	25	200	PN-16 SDR-11	25,0	25,3	2,3	2,7	0,169857	0,156641	0,183073	1,2	24,8	110	1	NEGRO	AZUL
25mm x 6m SMARTCOLORS PN-16 SDR-11	PE100	SMARTCOLORS - HDPE	25	6	PN-16 SDR-11	25,0	25,3	2,3	2,7	0,169857	0,156641	0,183073	1,2	24,8	110	1		
25mm x 12m SMARTCOLORS PN-16 SDR-11	PE100	SMARTCOLORS - HDPE	25	12	PN-16 SDR-11	25,0	25,3	2,3	2,7	0,169857	0,156641	0,183073	1,2	24,8	110	1		
25mm x 50m SMARTCOLORS PN-16 SDR-11	PE100	SMARTCOLORS - HDPE	25	50	PN-16 SDR-11	25,0	25,3	2,3	2,7	0,169857	0,156641	0,183073	1,2	24,8	110	1		
25mm x 100m SMARTCOLORS PN-16 SDR-11	PE100	SMARTCOLORS - HDPE	25	100	PN-16 SDR-11	25,0	25,3	2,3	2,7	0,169857	0,156641	0,183073	1,2	24,8	110	1		
25mm x 150m SMARTCOLORS PN-16 SDR-11	PE100	SMARTCOLORS - HDPE	25	150	PN-16 SDR-11	25,0	25,3	2,3	2,7	0,169857	0,156641	0,183073	1,2	24,8	110	1		
25mm x 200m SMARTCOLORS PN-16 SDR-11	PE100	SMARTCOLORS - HDPE	25	200	PN-16 SDR-11	25,0	25,3	2,3	2,7	0,169857	0,156641	0,183073	1,2	24,8	110	1		
25mm x 100m BETA PN-16 S-3,2	PP-RCT	BETA	25	100	PN-16 S-3,2	25,3	25,5	3,5	4,0	0,229701	0,2160	0,2434	1,2	47	135	1	GRIS(BETA)	ROJO
250mm x 6m R3 PN-16 S-3,2	PP-R	R3	250	6	PN-16 S-3,2	250,1	252,3	34,2	37,8	22,022784	20,9931	23,0525	5,0	50	135	4	GRIS(R3)	ROJO
250mm x 6m R3 PN-10 S-5	PP-R	R3	250	6	PN-10 S-5	250,1	252,3	22,7	25,1	15,444926	14,6762	16,2136	5,0	32	135	4	GRIS(R3)	AZUL
250mm x 6m HDPE PN-6 SDR-27,6	PE100	HDPE	250	6	PN-6 SDR-27,6	250,0	251,5	9,1	10,5	7,084551	6,577049	7,592053	5	9,3	110	2	NEGRO	AZUL
250mm x 12m HDPE PN-6 SDR-27,6	PE100	HDPE	250	12	PN-6 SDR-27,6	250,0	251,5	9,1	10,5	7,084551	6,577049	7,592053	5	9,3	110	2	NEGRO	AZUL
250mm x 6m SMARTCOLORS PN-6 SDR-27,6	PE100	SMARTCOLORS - HDPE	250	6	PN-6 SDR-27,6	250,0	251,5	9,1	10,5	7,084551	6,577049	7,592053	5	9,3	110	2		
250mm x 12m SMARTCOLORS PN-6 SDR-27,6	PE100	SMARTCOLORS - HDPE	250	12	PN-6 SDR-27,6	250,0	251,5	9,1	10,5	7,084551	6,577049	7,592053	5	9,3	110	2		
250mm x 6m HDPE PN-20 SDR-9	PE100	HDPE	250	6	PN-20 SDR-9	250,0	251,5	27,9	30,8	19,492644	18,591124	20,394165	5,0	31	110	4	NEGRO	AZUL
250mm x 12m HDPE PN-20 SDR-9	PE100	HDPE	250	12	PN-20 SDR-9	250,0	251,5	27,9	30,8	19,492644	18,591124	20,394165	5,0	31	110	4	NEGRO	AZUL
250mm x 6m SMARTCOLORS PN-20 SDR-9	PE100	SMARTCOLORS - HDPE	250	6	PN-20 SDR-9	250,0	251,5	27,9	30,8	19,492644	18,591124	20,394165	5,0	31	110	4		
250mm x 12m SMARTCOLORS PN-20 SDR-9	PE100	SMARTCOLORS - HDPE	250	12	PN-20 SDR-9	250,0	251,5	27,9	30,8	19,492644	18,591124	20,394165	5,0	31	110	4		
250mm x 6m HDPE PN-16 SDR-11	PE100	HDPE	250	6	PN-16 SDR-11	250,0	251,5	22,7	25,1	16,264709	15,480257	17,049161	5,0	24,8	110	4	NEGRO	AZUL
250mm x 12m HDPE PN-16 SDR-11	PE100	HDPE	250	12	PN-16 SDR-11	250,0	251,5	22,7	25,1	16,264709	15,480257	17,049161	5,0	24,8	110	4	NEGRO	AZUL
250mm x 6m SMARTCOLORS PN-16 SDR-11	PE100	SMARTCOLORS - HDPE	250	6	PN-16 SDR-11	250,0	251,5	22,7	25,1	16,264709	15,480257	17,049161	5,0	24,8	110	4		
250mm x 12m SMARTCOLORS PN-16 SDR-11	PE100	SMARTCOLORS - HDPE	250	12	PN-16 SDR-11	250,0	251,5	22,7	25,1	16,264709	15,480257	17,049161	5,0	24,8	110	4		
250mm x 6m HDPE PN-12,5 SDR-13,6	PE100	HDPE	250	6	PN-12,5 SDR-13,6	250,0	251,5	18,4	20,4	13,464800	12,785251	14,144350	5,0	19,7	110	4	NEGRO	AZUL
250mm x 12m HDPE PN-12,5 SDR-13,6	PE100	HDPE	250	12	PN-12,5 SDR-13,6	250,0	251,5	18,4	20,4	13,464800	12,785251	14,144350	5,0	19,7	110	4	NEGRO	AZUL
250mm x 6m SMARTCOLORS PN-12,5 SDR-13,6	PE100	SMARTCOLORS - HDPE	250	6	PN-12,5 SDR-13,6	250,0	251,5	18,4	20,4	13,464800	12,785251	14,144350	5,0	19,7	110	4		
250mm x 12m SMARTCOLORS PN-12,5 SDR-13,6	PE100	SMARTCOLORS - HDPE	250	12	PN-12,5 SDR-13,6	250,0	251,5	18,4	20,4	13,464800	12,785251	14,144350	5,0	19,7	110	4		
250mm x 6m HDPE PN-10 SDR-17	PE100	HDPE	250	6	PN-10 SDR-17	250,0	251,5	14,8	16,4	11,005701	10,443640	11,567762	5,0	15,5	110	2	NEGRO	AZUL
250mm x 12m HDPE PN-10 SDR-17	PE100	HDPE	250	12	PN-10 SDR-17	250,0	251,5	14,8	16,4	11,005701	10,443640	11,567762	5,0	15,5	110	2	NEGRO	AZUL
250mm x 6m SMARTCOLORS PN-10 SDR-17	PE100	SMARTCOLORS - HDPE	250	6	PN-10 SDR-17	250,0	251,5	14,8	16,4	11,005701	10,443640	11,567762	5,0	15,5	110	2		
250mm x 12m SMARTCOLORS PN-10 SDR-17	PE100	SMARTCOLORS - HDPE	250	12	PN-10 SDR-17	250,0	251,5	14,8	16,4	11,005701	10,443640	11,567762	5,0	15,5	110	2		
250mm x 6m CHAQUETA PP-UV S-20	PP-R	CHAQUETA PP-UV	250	5	S-20	250,0	250,8	6,2	7,1	4,608487	4,2976	4,9194	5,0		150	1	GRIS(AQS)	SIN LÍNEA
250mm x 6m CHAQUETA PP-UV S-16	PP-R	CHAQUETA PP-UV	250	6	S-16	250,0	250,8	7,7	8,7	5,646446	5,3045	5,9884	5,0		150	1	GRIS(AQS)	SIN LÍNEA
250mm x 5m BETA/FIBRA PN-16 S-3,2	PP-RCT/FV	BETA/FIBRA	250	5	PN-16 S-3,2	250,1	252,3	34,2	37,8	22,874494	21,8050	23,9440	5,0	47	135	4	GRIS(BETA)	NARANJA
250mm x 6m BETA/FIBRA PN-16 S-3,2	PP-RCT/FV	BETA/FIBRA	250	6	PN-16 S-3,2	250,1	252,3	34,2	37,8	22,874494	21,8050	23,9440	5,0	47	135	4	GRIS(BETA)	NARANJA
250mm x 6m BETA/FIBRA PN-10 S-5	PP-RCT/FV	BETA/FIBRA	250	6	PN-10 S-5	250,1	252,3	22,7	25,1	16,042243	15,2438	16,8407	5,0	30	135	4	GRIS(BETA)	NARANJA
250mm x 6m BETA PN-16 S-3,2	PP-RCT	BETA	250	6	PN-16 S-3,2	250,1	250,3	34,2	37,8	21,818450	20,9003	22,7366	5,0	47	135	4	GRIS(BETA)	ROJO
250mm x 6m BETA PN-10 S-5	PP-RCT	BETA	250	6	PN-10 S-5	250,1	252,3	22,7	25,1	15,376661	14,6114	16,1420	5,0	30	135	4	GRIS(BETA)	AZUL
250mm x 6m AQUASYSTEM TRICAPA S-16	PP-R	AQUASYSTEM TRICAPA	250	6	S-16	250,0	250,8	7,7	8,7	5,646446	5,3045	5,9884	5,0		150	1	GRIS(AQS)	SIN LÍNEA
250mm x 6m AQUASYSTEM IPS S-16	PP-R100/CACO3	AQUASYSTEM IPS	250	6	S-16	250,0	250,8	7,7	8,7	6,757017	6,3478	7,1663	5,0		150	1	NEGRO	NARANJA
250mm x 5m R3 PN-16 S-3,2	PP-R	R3	250	5	PN-16 S-3,2	250,1	252,3	34,2	37,8	22,022784	20,9931	23,0525	5,0	50	135	4	GRIS(R3)	ROJO
250mm x 5m CHAQUETA PP-UV S-16	PP-R	CHAQUETA PP-UV	250	5	S-16	250,0	250,8	7,7	8,7	5,646446	5,3045	5,9884	5,0		150	1	GRIS(AQS)	SIN LÍNEA
250mm x 5m BETA/FIBRA PN-10 S-5	PP-RCT/FV	BETA/FIBRA	250	5	PN-10 S-5	250,1	252,3	22,7	25,1	16,042243	15,2438	16,8407	5,0	30	135	4	GRIS(BETA)	NARANJA
250mm x 5m BETA PN-16 S-3,2	PP-RCT	BETA	250	5	PN-16 S-3,2	250,1	252,3	34,2	37,8	21,925445	20,9003	22,9506	5,0	47	135	4	GRIS(BETA)	ROJO
250mm x 5m BETA PN-10 S-5	PP-RCT	BETA	250	5	PN-10 S-5	250,1	252,3	22,7	25,1	15,376661	14,6114	16,1420	5,0	30	135	4	GRIS(BETA)	AZUL
250mm x 5m AQUASYSTEM TRICAPA S-16	PP-R	AQUASYSTEM TRICAPA	250	5	S-16	250,0	250,8	7,7	8,7	5,646446	5,3045	5,9884	5,0		150	1	GRIS(AQS)	SIN LÍNEA
250mm x 12m BETA/FIBRA PN-16 S-3,2	PP-RCT/FV	BETA/FIBRA	250	12	PN-16 S-3,2	250,1	252,3	34,2	37,8	22,874494	21,8050	23,9440	5,0	47	135	4	GRIS(BETA)	NARANJA
225mm x 6m HDPE PN-20 SDR-11	PE100	HDPE	225	6	PN-20 SDR-11	225,0	226,4	25,2	27,9	15,860820	15,105980	16,615660	4,5	31	110	4	NEGRO	AZUL
225mm x 6m HDPE PN-16 SDR-11	PE100	HDPE	225	6	PN-16 SDR-11	225,0	226,4	20,5	22,7	13,225323	12,577666	13,872980	4,5	24,8	110	4	NEGRO	AZUL
225mm x 12m HDPE PN-16 SDR-11	PE100	HDPE	225	12	PN-16 SDR-11	225,0	226,4	20,5	22,7	13,225323	12,577666	13,872980	4,5	24,8	110	4	NEGRO	AZUL
225mm x 6m SMARTCOLORS PN-16 SDR-11	PE100	SMARTCOLORS - HDPE	225	6	PN-16 SDR-11	225,0	226,4	20,5	22,7	13,225323	12,577666	13,872980	4,5	24,8	110	4		
225mm x 12m SMARTCOLORS PN-16 SDR-11	PE100	SMARTCOLORS - HDPE	225	12	PN-16 SDR-11	225,0	226,4	20,5	22,7	13,225323	12,577666	13,872980	4,5	24,8	110	4		
225mm x 6m HDPE PN-12,5 SDR-13,6	PE100	HDPE	225	6	PN-12,5 SDR-13,6	225,0	226,4	16,6	18,4	10,930756	10,379076	11,482436	4,5	19,7	110	4	NEGRO	AZUL
225mm x 12m HDPE PN-12,5 SDR-13,6	PE100	HDPE	225	12	PN-12,5 SDR-13,6	225,0	226,4	16,6	18,4	10,930756	10,379076	11,482436	4,5	19,7	110	4	NEGRO	AZUL
225mm x 6m SMARTCOLORS PN-12,5 SDR-13,6	PE100	SMARTCOLORS - HDPE	225	6	PN-12,5 SDR-13,6	225,0	226,4	16,6	18,4	10,930756	10,379076	11,482436	4,5	19,7	110	4		
225mm x 12m SMARTCOLORS PN-12,5 SDR-13,6	PE100	SMARTCOLORS - HDPE	225	12	PN-12,5 SDR-13,6	225,0	226,4	16,6	18,4	10,930756	10,379076	11,482436	4,5	19,7	110	4		
225mm x 6m HDPE PN-6 SDR-17	PE100	HDPE	225	6	PN-6 SDR-17	225,0	226,4	8,6	9,5	5,882813	5,583527	6,182100	4,5	9,3	110	2	NEGRO	AZUL
225mm x 6m HDPE PN-10 SDR-17	PE100	HDPE	225	6	PN-10 SDR-17	225,0	226,4	13,4	14,9	8,980839	8,506939	9,454738	4,5	15,5	110	2	NEGRO	AZUL
225mm x 12m HDPE PN-10 SDR-17	PE100	HDPE	225	12	PN-10 SDR-17	225,0	226,4	13,4	14,9	8,980839	8,506939	9,454738	4,5	15,5	110	2	NEGRO	AZUL
225mm x 6m SMARTCOLORS PN-10 SDR-17	PE100	SMARTCOLORS - HDPE	225	6	PN-10 SDR-17	225,0	226,4	13,4	14,9	8,980839	8,506939	9,454738	4,5	15,5	110	2		
225mm x 12m SMARTCOLORS PN-10 SDR-17	PE100	SMARTCOLORS - HDPE	225	12	PN-10 SDR-17	225,0	226,4	13,4	14,9	8,980839	8,506939	9,454738	4,5	15,5	110	2		
225mm x 6m HDPE PN-6 SDR-27,6	PE100	HDPE	225	6	PN-6 SDR-27,6	225,0	226,4	8,2	9,5	5,757884	5,333668	6,182100	4,5	9,3	110	2	NEGRO	AZUL
225mm x 12m HDPE PN-6 SDR-27,6	PE100	HDPE	225	12	PN-6 SDR-27,6	225,0	226,4	8,2	9,5	5,757884	5,333668	6,182100	4,5	9,3	110	2	NEGRO	AZUL
225mm x 6m SMARTCOLORS PN-6 SDR-27,6	PE100	SMARTCOLORS - HDPE	225	6	PN-6 SDR-27,6	225,0	226,4	8,2	9,5	5,757884	5,333668	6,182100	4,5	9,3	110	2		
225mm x 12m SMARTCOLORS PN-6 SDR-27,6	PE100	SMARTCOLORS - HDPE	225	12	PN-6 SDR-27,6	225,0	226,4	8,2	9,5	5,757884	5,333668	6,182100	4,5	9,3	110	2		
225mm x 6m BETA/FIBRA PN-10 S-5	PP-RCT/FV	BETA/FIBRA	225	6	PN-10 S-5	225,1	227,1	20,5	22,7	13,044085	12,3862	13,7020	4,5	30,07334963	135	4	GRIS(BETA)	NARANJA
225mm x 6m BETA PN-10 S-5	PP-RCT	BETA	225	6	PN-10 S-5	225,1	227,1	20,5	22,7	12,502894	11,8723	13,1335	4,5	30	135	4	GRIS(BETA)	AZUL
20mm x 6m R3 PN-20 S-2,5	PP-R	R3	20	6	PN-20 S-2,5	20,2	20,5	3,4	3,9	0,173232	0,1624	0,1841	1,2	64	135	1	GRIS(R3)	VERDE
20mm x 6m R3 PN-16 S-3,2	PP-R	R3	20	6	PN-16 S-3,2	20,3	20,5	2,8	3,2	0,148355	0,1393	0,1574	1,2	50	135	1	GRIS(R3)	ROJO
20mm x 6m R3 PN-10 S-5	PP-R	R3	20	6	PN-10 S-5	20,3	20,5	2,0	2,3	0,111536	0,1041	0,1190	1,2	32	135	1	GRIS(R3)	AZUL
20mm x 6m PPR-DG PN-20 S-2,5 MC	PP-R	PPR-DG	20	6	PN-20 S-2,5	20,3	20,5	3,4	3,9	0,173716	0,1634	0,1841	1,2	64	135	1	GRIS(BETA)	VERDE
20mm x 6m PPR-DG PN-16 S-3,2 MC 	PP-R	PPR-DG	20	6	PN-16 S-3,2	20,3	20,5	2,8	3,2	0,148355	0,1393	0,1574	1,2	50	135	1	GRIS(BETA)	ROJO
20mm x 6m SMART PIPE/PP-RCT PN-16 S-3,2	PP-RCT	SMART PIPE/PP-RCT	20	6	PN-16 S-3,2	20,3	20,5	2,8	3,2	0,147699	0,1387	0,1567	1,2	47	135	1	GRIS(BETA)	ROJO
20mm x 6m POLI-ONE/BETA PN-16 S-3,2	PP-RCT	POLI-ONE/BETA	20	6	PN-16 S-3,2	20,3	20,5	2,8	3,2	0,147699	0,1387	0,1567	1,2	47	135	1	GRIS(P1)	ROJO
20mm x 6m POLI-ONE PN-20 S-2,5	PP-R	POLI-ONE	20	6	PN-20 S-2,5	20,3	20,5	3,4	3,9	0,173716	0,1634	0,1841	1,2	64	135	1	GRIS(P1)	VERDE
20mm x 6m POLI-ONE PN-16 S-3,2	PP-R	POLI-ONE	20	6	PN-16 S-3,2	20,3	20,5	2,8	3,2	0,148355	0,1393	0,1574	1,2	50	135	1	GRIS(P1)	ROJO
20mm x 6m PPR-DG PN-10 S-5 MC	PP-R	PPR-DG	20	6	PN-10 S-5	20,3	20,5	1,9	2,3	0,109205	0,0994	0,1190	1,2	32	135	1	GRIS(BETA)	AZUL
20mm x 6m POLI-ONE DG PN-20 S-2,5	PP-R	POLI-ONE DG	20	6	PN-20 S-2,5	20,3	20,5	3,4	3,9	0,173716	0,1634	0,1841	1,2	64	135	1	GRIS(P1)	VERDE
20mm x 6m POLI-ONE DG PN-16 S-3,2	PP-R	POLI-ONE DG	20	6	PN-16 S-3,2	20,3	20,5	2,8	3,2	0,148355	0,1393	0,1574	1,2	50	135	1	GRIS(P1)	ROJO
20mm x 6m HIDRO-PERT S-5	PE-RT	HIDRO-PERT	20	6	S-5	20,0	20,3	1,9	2,2	0,111323	0,1032	0,1195	1,2	2	100	1	NEGRO	AZUL
20mm x 6m HDPE PN-16 SDR-11	PE100	HDPE	20	6	PN-16 SDR-11	20,0	20,3	2,0	2,3	0,116108	0,108008	0,124209	1,2	24,8	110	1	NEGRO	AZUL
20mm x 12m HDPE PN-16 SDR-11	PE100	HDPE	20	12	PN-16 SDR-11	20,0	20,3	2,0	2,3	0,116108	0,108008	0,124209	1,2	24,8	110	1	NEGRO	AZUL
20mm x 50m HDPE PN-16 SDR-11	PE100	HDPE	20	50	PN-16 SDR-11	20,0	20,3	2,0	2,3	0,116108	0,108008	0,124209	1,2	24,8	110	1	NEGRO	AZUL
20mm x 100m HDPE PN-16 SDR-11	PE100	HDPE	20	100	PN-16 SDR-11	20,0	20,3	2,0	2,3	0,116108	0,108008	0,124209	1,2	24,8	110	1	NEGRO	AZUL
20mm x 150m HDPE PN-16 SDR-11	PE100	HDPE	20	150	PN-16 SDR-11	20,0	20,3	2,0	2,3	0,116108	0,108008	0,124209	1,2	24,8	110	1	NEGRO	AZUL
20mm x 200m HDPE PN-16 SDR-11	PE100	HDPE	20	200	PN-16 SDR-11	20,0	20,3	2,0	2,3	0,116108	0,108008	0,124209	1,2	24,8	110	1	NEGRO	AZUL
20mm x 6m SMARTCOLORS PN-16 SDR-11	PE100	SMARTCOLORS - HDPE	20	6	PN-16 SDR-11	20,0	20,3	2,0	2,3	0,116108	0,108008	0,124209	1,2	24,8	110	1		
20mm x 12m SMARTCOLORS PN-16 SDR-11	PE100	SMARTCOLORS - HDPE	20	12	PN-16 SDR-11	20,0	20,3	2,0	2,3	0,116108	0,108008	0,124209	1,2	24,8	110	1		
20mm x 50m SMARTCOLORS PN-16 SDR-11	PE100	SMARTCOLORS - HDPE	20	50	PN-16 SDR-11	20,0	20,3	2,0	2,3	0,116108	0,108008	0,124209	1,2	24,8	110	1		
20mm x 100m SMARTCOLORS PN-16 SDR-11	PE100	SMARTCOLORS - HDPE	20	100	PN-16 SDR-11	20,0	20,3	2,0	2,3	0,116108	0,108008	0,124209	1,2	24,8	110	1		
20mm x 150m SMARTCOLORS PN-16 SDR-11	PE100	SMARTCOLORS - HDPE	20	150	PN-16 SDR-11	20,0	20,3	2,0	2,3	0,116108	0,108008	0,124209	1,2	24,8	110	1		
20mm x 200m SMARTCOLORS PN-16 SDR-11	PE100	SMARTCOLORS - HDPE	20	200	PN-16 SDR-11	20,0	20,3	2,0	2,3	0,116108	0,108008	0,124209	1,2	24,8	110	1		
20mm x 6m BETA/FIBRA/BOX 	PP-RCT/FV/BOX	EVO	20	6		20,6	20,8	3,0	3,4	0,157622	0,1487	0,1665	1,2			1	GRIS(BETA)	SIN LÍNEA
20mm x 6m BETA/FIBRA PN-16 S-3,2	PP-RCT/FV	BETA/FIBRA	20	6	PN-16 S-3,2	20,2	20,5	2,8	3,2	0,153679	0,1439	0,1635	1,2	47	135	1	GRIS(BETA)	NARANJA
20mm x 6m BETA/FIBRA PN-12,5 S-4	PP-RCT/FV	BETA/FIBRA	20	6	PN-12,5 S-4	20,3	20,5	2,3	2,7	0,132092	0,1223	0,1419	1,2	38	135	1	GRIS(BETA)	NARANJA
20mm x 6m BETA/FIBRA PN-10 S-5	PP-RCT/FV	BETA/FIBRA	20	6	PN-10 S-5	20,3	20,5	2,0	2,3	0,115850	0,1081	0,1236	1,2	30	135	1	GRIS(BETA)	NARANJA
20mm x 6m BETA PN-16 S-3,2	PP-RCT	BETA	20	6	PN-16 S-3,2	20,2	20,5	2,8	3,2	0,147303	0,1379	0,1567	1,2	47	135	1	GRIS(BETA)	ROJO
20mm x 6m BETA PN-12,5 S-4	PP-RCT	BETA	20	6	PN-12,5 S-4	20,3	20,5	2,3	2,7	0,126612	0,1172	0,1360	1,2	38	135	1	GRIS(BETA)	BLANCO
20mm x 6m BETA PN-10 S-5	PP-RCT	BETA	20	6	PN-10 S-5	20,3	20,5	2,0	2,3	0,111043	0,1036	0,1185	1,2	30	135	1	GRIS(BETA)	AZUL
20mm x 5m R3 PN-20 S-2,5	PP-R	R3	20	5	PN-20 S-2,5	20,2	20,5	3,4	3,9	0,173232	0,1624	0,1841	1,2	64	135	1	GRIS(R3)	VERDE
20mm x 5m R3 PN-16 S-3,2	PP-R	R3	20	5	PN-16 S-3,2	20,2	20,5	2,8	3,2	0,147957	0,1385	0,1574	1,2	50	135	1	GRIS(R3)	ROJO
20mm x 5m R3 PN-10 S-5	PP-R	R3	20	5	PN-10 S-5	20,3	20,5	1,9	2,3	0,109205	0,0994	0,1190	1,2	32	135	1	GRIS(R3)	AZUL
20mm x 5m POLI-ONE PN-16 S-3,2	PP-R	POLI-ONE	20	5	PN-16 S-3,2	20,3	20,5	2,8	3,2	0,148355	0,1393	0,1574	1,2	50	135	1	GRIS(P1)	ROJO
20mm x 5m POLI-ONE PN-10 S-5	PP-R	POLI-ONE	20	5	PN-10 S-5	20,3	20,5	2,0	2,3	0,111536	0,1041	0,1190	1,2	32	135	1	GRIS(P1)	AZUL
20mm x 5m BETA/FIBRA PN-16 S-3,2	PP-RCT/FV	BETA/FIBRA	20	5	PN-16 S-3,2	20,3	20,5	2,8	3,2	0,154092	0,1447	0,1635	1,2	47	135	1	GRIS(BETA)	NARANJA
20mm x 200m R3 PN-10 S-5	PP-R	R3	20	200	PN-10 S-5	20,3	20,5	2,0	2,3	0,111536	0,1041	0,1190	1,2	32	135	1	GRIS(R3)	AZUL
20mm x 200m BETA PN-16 S-3,2	PP-RCT	BETA	20	200	PN-16 S-3,2	20,3	20,5	2,8	3,2	0,147699	0,1387	0,1567	1,2	47	135	1	GRIS(BETA)	ROJO
20mm x 100m R3 PN-10 S-5	PP-R	R3	20	100	PN-10 S-5	20,3	20,5	2,0	2,3	0,111536	0,1041	0,1190	1,2	32	135	1	GRIS(R3)	AZUL
20mm x 100m BETA PN-16 S-3,2	PP-RCT	BETA	20	100	PN-16 S-3,2	20,3	20,5	2,8	3,2	0,147699	0,1387	0,1567	1,2	47	135	1	GRIS(BETA)	ROJO
200mm x 6m R3 PN-16 S-3,2	PP-R	R3	200	6	PN-16 S-3,2	200,1	201,8	27,4	30,3	14,113953	13,4537	14,7742	4,0	50	135	4	GRIS(R3)	ROJO
200mm x 6m R3 PN-10 S-5	PP-R	R3	200	6	PN-10 S-5	200,1	201,8	18,2	20,2	9,920991	9,4124	10,4295	4,0	32	135	4	GRIS(R3)	AZUL
200mm x 6m HDPE PN-6 SDR-27,6	PE100	HDPE	200	6	PN-6 SDR-27,6	200,0	201,2	7,6	8,4	4,622977	4,387039	4,858914	4,0	9,3	110	1	NEGRO	AZUL
200mm x 12m HDPE PN-6 SDR-27,6	PE100	HDPE	200	12	PN-6 SDR-27,6	200,0	201,2	7,6	8,4	4,622977	4,387039	4,858914	4,0	9,3	110	1	NEGRO	AZUL
200mm x 6m SMARTCOLORS PN-6 SDR-27,6	PE100	SMARTCOLORS - HDPE	200	6	PN-6 SDR-27,6	200,0	201,2	7,6	8,4	4,622977	4,387039	4,858914	4,0	9,3	110	1		
200mm x 12m SMARTCOLORS PN-6 SDR-27,6	PE100	SMARTCOLORS - HDPE	200	12	PN-6 SDR-27,6	200,0	201,2	7,6	8,4	4,622977	4,387039	4,858914	4,0	9,3	110	1		
200mm x 6m HDPE PN-20 SDR-9	PE100	HDPE	200	6	PN-20 SDR-9	200,0	201,2	22,4	24,8	12,530352	11,935589	13,125116	4,0	31	110	4	NEGRO	AZUL
200mm x 12m HDPE PN-20 SDR-9	PE100	HDPE	200	12	PN-20 SDR-9	200,0	201,2	22,4	24,8	12,530352	11,935589	13,125116	4,0	31	110	4	NEGRO	AZUL
200mm x 6m SMARTCOLORS PN-20 SDR-9	PE100	SMARTCOLORS - HDPE	200	6	PN-20 SDR-9	200,0	201,2	22,4	24,8	12,530352	11,935589	13,125116	4,0	31	110	4		
200mm x 12m SMARTCOLORS PN-20 SDR-9	PE100	SMARTCOLORS - HDPE	200	12	PN-20 SDR-9	200,0	201,2	22,4	24,8	12,530352	11,935589	13,125116	4,0	31	110	4		
200mm x 6m HDPE PN-16 SDR-11	PE100	HDPE	200	6	PN-16 SDR-11	200,0	201,2	18,2	20,2	10,448201	9,927003	10,969399	4,0	24,8	110	4	NEGRO	AZUL
200mm x 12m HDPE PN-16 SDR-11	PE100	HDPE	200	12	PN-16 SDR-11	200,0	201,2	18,2	20,2	10,448201	9,927003	10,969399	4,0	24,8	110	4	NEGRO	AZUL
200mm x 6m SMARTCOLORS PN-16 SDR-11	PE100	SMARTCOLORS - HDPE	200	6	PN-16 SDR-11	200,0	201,2	18,2	20,2	10,448201	9,927003	10,969399	4,0	24,8	110	4		
200mm x 12m SMARTCOLORS PN-16 SDR-11	PE100	SMARTCOLORS - HDPE	200	12	PN-16 SDR-11	200,0	201,2	18,2	20,2	10,448201	9,927003	10,969399	4,0	24,8	110	4		
200mm x 6m HDPE PN-12,5 SDR-13,6	PE100	HDPE	200	6	PN-12,5 SDR-13,6	200,0	201,2	14,7	16,3	8,607297	8,172325	9,042268	4,0	19,7	110	2	NEGRO	AZUL
200mm x 12m HDPE PN-12,5 SDR-13,6	PE100	HDPE	200	12	PN-12,5 SDR-13,6	200,0	201,2	14,7	16,3	8,607297	8,172325	9,042268	4,0	19,7	110	2	NEGRO	AZUL
200mm x 6m SMARTCOLORS PN-12,5 SDR-13,6	PE100	SMARTCOLORS - HDPE	200	6	PN-12,5 SDR-13,6	200,0	201,2	14,7	16,3	8,607297	8,172325	9,042268	4,0	19,7	110	2		
200mm x 12m SMARTCOLORS PN-12,5 SDR-13,6	PE100	SMARTCOLORS - HDPE	200	12	PN-12,5 SDR-13,6	200,0	201,2	14,7	16,3	8,607297	8,172325	9,042268	4,0	19,7	110	2		
200mm x 6m HDPE PN-10 SDR-17	PE100	HDPE	200	6	PN-10 SDR-17	200,0	201,2	11,9	13,2	7,080501	6,715659	7,445342	4,0	15,5	110	2	NEGRO	AZUL
200mm x 3m HDPE PN-10 SDR-17	PE100	HDPE	200	3	PN-10 SDR-17	200,0	201,2	11,9	13,2	7,080501	6,715659	7,445342	4,0	15,5	110	2	TRANSPARENTE	AZUL
200mm x 12m HDPE PN-10 SDR-17	PE100	HDPE	200	12	PN-10 SDR-17	200,0	201,2	11,9	13,2	7,080501	6,715659	7,445342	4,0	15,5	110	2	NEGRO	AZUL
200mm x 6m SMARTCOLORS PN-10 SDR-17	PE100	SMARTCOLORS - HDPE	200	6	PN-10 SDR-17	200,0	201,2	11,9	13,2	7,080501	6,715659	7,445342	4,0	15,5	110	2		
200mm x 12m SMARTCOLORS PN-10 SDR-17	PE100	SMARTCOLORS - HDPE	200	12	PN-10 SDR-17	200,0	201,2	11,9	13,2	7,080501	6,715659	7,445342	4,0	15,5	110	2		
200mm x 6m BETA/FIBRA PN-16 S-3,2	PP-RCT/FV	BETA/FIBRA	200	6	PN-16 S-3,2	200,1	201,8	27,4	30,3	14,659797	13,9740	15,3456	4,0	47	135	4	GRIS(BETA)	NARANJA
200mm x 6m BETA/FIBRA PN-12,5 S-4	PP-RCT/FV	BETA/FIBRA	200	6	PN-12,5 S-4	200,1	201,8	22,4	24,8	12,358819	11,7547	12,9629	4,0	38	135	4	GRIS(BETA)	NARANJA
200mm x 6m PP-H PN-10 S-5	PP-H	PP-H	200	6	PN-10 S-5	200,1	201,8	18,2	20,2	9,756555	9,2564	10,2567	4,0	30	150	4	GRIS(PP-H)	SIN LÍNEA
250mm x 6m PP-H PN-10 S-5	PP-H	PP-H	250	6	PN-10 S-5	250,1	252,3	22,7	25,1	15,188933	14,4330	15,9449	5,0	30	150	4	GRIS(PP-H)	SIN LÍNEA
225mm x 6m PP-H PN-10 S-5	PP-H	PP-H	225	6	PN-10 S-5	225,1	227,1	20,5	22,7	12,350250	11,7273	12,9732	4,5	30	150	4	GRIS(PP-H)	SIN LÍNEA
200mm x 6m BETA/FIBRA PN-10 S-5	PP-RCT/FV	BETA/FIBRA	200	6	PN-10 S-5	200,1	201,8	18,2	20,2	10,304676	9,7765	10,8329	4,0	30	135	4	GRIS(BETA)	NARANJA
200mm x 6m BETA PN-16 S-3,2	PP-RCT	BETA	200	6	PN-16 S-3,2	200,1	201,8	27,4	30,3	14,051571	13,3942	14,7089	4,0	47	135	4	GRIS(BETA)	ROJO
355mm x 5m BETA PN-10 S-5	PP-RCT	BETA	355	5	PN-10 S-5	355,1	358,2	32,2	35,6	30,969210	29,4305	32,5079	12,5	32	135	4	GRIS(BETA)	AZUL
200mm x 6m BETA PN-10 S-5	PP-RCT	BETA	200	6	PN-10 S-5	200,1	201,8	18,2	20,2	9,877142	9,3708	10,3834	4,0	30	135	4	GRIS(BETA)	AZUL
200mm x 6m AQUASYSTEM TRICAPA S-20	PP-R	AQUASYSTEM TRICAPA	200	6	S-20	200,0	200,6	4,9	5,6	2,911360	2,7180	3,1047	4,0		150	1	GRIS(AQS)	SIN LÍNEA
200mm x 6m AQUASYSTEM IPS S-16	PP-R100/CACO3	AQUASYSTEM IPS	200	6	S-16	200,0	200,6	6,2	7,1	4,381213	4,0881	4,6743	4,0		150	1	NEGRO	NARANJA
200mm x 5m R3 PN-16 S-3,2	PP-R	R3	200	5	PN-16 S-3,2	200,1	201,8	27,4	30,3	14,113953	13,4537	14,7742	4,0	50	135	4	GRIS(R3)	ROJO
200mm x 5m CHAQUETA PP-UV S-16	PP-R	CHAQUETA PP-UV	200	5	S-16	200,0	200,6	6,2	7,1	3,661124	3,4162	3,9060	4,0		150	1	GRIS(AQS)	SIN LÍNEA
200mm x 5m BETA/FIBRA PN-10 S-5	PP-RCT/FV	BETA/FIBRA	200	5	PN-10 S-5	200,1	201,8	18,2	20,2	10,304676	9,7765	10,8329	4,0	30	135	4	GRIS(BETA)	NARANJA
200mm x 5m BETA PN-16 S-3,2	PP-RCT	BETA	200	5	PN-16 S-3,2	200,1	201,8	27,4	30,3	14,051571	13,3942	14,7089	4,0	47	135	4	GRIS(BETA)	ROJO
200mm x 5m BETA PN-10 S-5	PP-RCT	BETA	200	5	PN-10 S-5	200,1	201,8	18,2	20,2	9,877142	9,3708	10,3834	4,0	30	135	4	GRIS(BETA)	AZUL
200mm x 5m AQUASYSTEM TRICAPA S-20	PP-R	AQUASYSTEM TRICAPA	200	5	S-20	200,0	200,6	4,9	5,6	2,911360	2,7180	3,1047	4,0		150	1	GRIS(AQS)	SIN LÍNEA
200mm x 5m AQUASYSTEM IPS S-16	PP-R100/CACO3	AQUASYSTEM IPS	200	5	S-16	200,0	200,6	6,2	7,1	4,381213	4,0881	4,6743	4,0		150	1	NEGRO	NARANJA
200mm x 12m BETA/FIBRA PN-16 S-3,2	PP-RCT/FV	BETA/FIBRA	200	12	PN-16 S-3,2	200,1	201,8	27,4	30,3	14,659797	13,9740	15,3456	4,0	47	135	4	GRIS(BETA)	NARANJA
20 mm x 200m BETA PN-12,5 S-4	PP-RCT	BETA	20	200	PN-12,5 S-4	20,3	20,5	2,3	2,7	0,126612	0,1172	0,1360	1,2	38	135	1	GRIS(BETA)	BLANCO
180mm x 6m HDPE PN-6 SDR-27,6	PE100	HDPE	180	6	PN-6 SDR-27,6	180,0	181,1	6,6	7,6	3,694829	3,433570	3,956088	3,6	9,3	110	1	NEGRO	AZUL
180mm x 12m HDPE PN-6 SDR-27,6	PE100	HDPE	180	12	PN-6 SDR-27,6	180,0	181,1	6,6	7,6	3,694829	3,433570	3,956088	3,6	9,3	110	1	NEGRO	AZUL
180mm x 6m SMARTCOLORS PN-6 SDR-27,6	PE100	SMARTCOLORS - HDPE	180	6	PN-6 SDR-27,6	180,0	181,1	6,6	7,6	3,694829	3,433570	3,956088	3,6	9,3	110	1		
180mm x 12m SMARTCOLORS PN-6 SDR-27,6	PE100	SMARTCOLORS - HDPE	180	12	PN-6 SDR-27,6	180,0	181,1	6,6	7,6	3,694829	3,433570	3,956088	3,6	9,3	110	1		
180mm x 6m HDPE PN-16 SDR-11	PE100	HDPE	180	6	PN-16 SDR-11	180,0	181,1	16,4	18,2	8,472347	8,049706	8,894988	3,6	24,8	110	4	NEGRO	AZUL
180mm x 12m HDPE PN-16 SDR-11	PE100	HDPE	180	12	PN-16 SDR-11	180,0	181,1	16,4	18,2	8,472347	8,049706	8,894988	3,6	24,8	110	4	NEGRO	AZUL
180mm x 6m SMARTCOLORS PN-16 SDR-11	PE100	SMARTCOLORS - HDPE	180	6	PN-16 SDR-11	180,0	181,1	16,4	18,2	8,472347	8,049706	8,894988	3,6	24,8	110	4		
180mm x 12m SMARTCOLORS PN-16 SDR-11	PE100	SMARTCOLORS - HDPE	180	12	PN-16 SDR-11	180,0	181,1	16,4	18,2	8,472347	8,049706	8,894988	3,6	24,8	110	4		
180mm x 6m HDPE PN-12,5 SDR-13,6	PE100	HDPE	180	6	PN-12,5 SDR-13,6	180,0	181,1	13,3	14,8	7,018036	6,651814	7,384258	3,6	19,7	110	2	NEGRO	AZUL
180mm x 12m HDPE PN-12,5 SDR-13,6	PE100	HDPE	180	12	PN-12,5 SDR-13,6	180,0	181,1	13,3	14,8	7,018036	6,651814	7,384258	3,6	19,7	110	2	NEGRO	AZUL
180mm x 6m SMARTCOLORS PN-12,5 SDR-13,6	PE100	SMARTCOLORS - HDPE	180	6	PN-12,5 SDR-13,6	180,0	181,1	13,3	14,8	7,018036	6,651814	7,384258	3,6	19,7	110	2		
180mm x 12m SMARTCOLORS PN-12,5 SDR-13,6	PE100	SMARTCOLORS - HDPE	180	12	PN-12,5 SDR-13,6	180,0	181,1	13,3	14,8	7,018036	6,651814	7,384258	3,6	19,7	110	2		
180mm x 6m HDPE PN-10 SDR-17	PE100	HDPE	180	6	PN-10 SDR-17	180,0	181,1	10,7	11,9	5,737903	5,434926	6,040880	3,6	15,5	110	2	NEGRO	AZUL
180mm x 12m HDPE PN-10 SDR-17	PE100	HDPE	180	12	PN-10 SDR-17	180,0	181,1	10,7	11,9	5,737903	5,434926	6,040880	3,6	15,5	110	2	NEGRO	AZUL
180mm x 6m SMARTCOLORS PN-10 SDR-17	PE100	SMARTCOLORS - HDPE	180	6	PN-10 SDR-17	180,0	181,1	10,7	11,9	5,737903	5,434926	6,040880	3,6	15,5	110	2		
180mm x 12m SMARTCOLORS PN-10 SDR-17	PE100	SMARTCOLORS - HDPE	180	12	PN-10 SDR-17	180,0	181,1	10,7	11,9	5,737903	5,434926	6,040880	3,6	15,5	110	2		
16mm x 6m R3 PN-16 S-3,2	PP-R	R3	16	6	PN-16 S-3,2	16,2	16,4	2,2	2,6	0,094790	0,0876	0,1020	1,2	50	135	1	GRIS(R3)	ROJO
16mm x 6m POLI-ONE/BETA PN-16 S-3,2	PP-RCT	POLI-ONE/BETA	16	6	PN-16 S-3,2	16,2	16,4	2,2	2,6	0,094371	0,0872	0,1016	1,2	47	135	1	GRIS(P1)	ROJO
16mm x 6m POLI-ONE PN-16 S-3,2	PP-R	POLI-ONE	16	6	PN-16 S-3,2	16,2	16,4	2,2	2,6	0,094790	0,0876	0,1020	1,2	50	135	1	GRIS(P1)	ROJO
16mm x 6m HIDRO-PERT S-4	PE-RT	HIDRO-PERT	16	6	S-4	16,0	16,3	1,8	2,1	0,083076	0,0767	0,0895	1,2	27	100	1	NEGRO	AZUL
16mm x 6m BETA/FIBRA/BOX 	PP-RCT/FV/BOX	EVO	16	6		16,6	16,8	2,4	2,8	0,103334	0,0962	0,1105	1,2			1	GRIS(BETA)	SIN LÍNEA
16mm x 6m BETA/FIBRA PN-16 S-3,2	PP-RCT/FV	BETA/FIBRA	16	6	PN-16 S-3,2	16,2	16,4	2,2	2,6	0,098456	0,0910	0,1060	1,2	47	135	1	GRIS(BETA)	NARANJA
16mm x 6m BETA PN-16 S-3,2	PP-RCT	BETA	16	6	PN-16 S-3,2	16,2	16,4	2,2	2,6	0,094371	0,0872	0,1016	1,2	47	135	1	GRIS(BETA)	ROJO
16mm x 6m BETA PN-12,5 S-4	PP-RCT	BETA	16	6	PN-12,5 S-4	16,2	16,4	2,0	2,3	0,086092	0,0804	0,0918	1,2	38	135	1	GRIS(BETA)	BLANCO
16mm x 5m R3 PN-16 S-3,2	PP-R	R3	16	5	PN-16 S-3,2	16,2	16,4	2,2	2,6	0,094790	0,0876	0,1020	1,2	50	135	1	GRIS(R3)	ROJO
16mm x 5m POLI-ONE PN-16 S-3,2	PP-R	POLI-ONE	16	5	PN-16 S-3,2	16,2	16,4	2,2	2,6	0,094790	0,0876	0,1020	1,2	50	135	1	GRIS(P1)	ROJO
16mm x 5m BETA/FIBRA PN-16 S-3,2	PP-RCT/FV	BETA/FIBRA	16	5	PN-16 S-3,2	16,2	16,4	2,2	2,6	0,098456	0,0910	0,1060	1,2	47	135	1	GRIS(BETA)	NARANJA
16mm x 200m BETA PN-16 S-3,2	PP-RCT	BETA	16	200	PN-16 S-3,2	16,2	16,4	2,2	2,6	0,094371	0,0872	0,1016	1,2	47	135	1	GRIS(BETA)	ROJO
16mm x 200m BETA PN-12,5 S-4	PP-RCT	BETA	16	200	PN-12,5 S-4	16,2	16,4	2,0	2,3	0,086092	0,0804	0,0918	1,2	38	135	1	GRIS(BETA)	BLANCO
160mm x 6m R3 PN-16 S-3,2	PP-R	R3	160	6	PN-16 S-3,2	160,1	161,5	21,9	24,2	9,025886	8,6050	9,4468	3,2	50	135	4	GRIS(R3)	ROJO
160mm x 6m PP-H PN-10 S-5	PP-H	PP-H	160	6	PN-10 S-5	160,1	161,5	14,6	16,2	6,366016	6,0397	6,6924	3,2	32	150	2	GRIS(PP-H)	SIN LÍNEA
160mm x 6m R3 PN-10 S-5	PP-R	R3	160	6	PN-10 S-5	160,1	161,5	14,6	16,2	6,366016	6,0397	6,6924	3,2	32	135	2	GRIS(R3)	AZUL
160mm x 6m POLI-ONE PN-16 S-3,2	PP-R	POLI-ONE	160	6	PN-16 S-3,2	160,1	161,5	21,9	24,2	9,025886	8,6050	9,4468	3,2	50	135	4	GRIS(P1)	ROJO
160mm x 6m POLI-ONE PN-10 S-5	PP-R	POLI-ONE	160	6	PN-10 S-5	160,1	161,5	14,6	16,2	6,366016	6,0397	6,6924	3,2	32	135	2	GRIS(P1)	AZUL
160mm x 6m HDPE PN-6 SDR-27,6	PE100	HDPE	160	6	PN-6 SDR-27,6	160,0	161,0	5,8	6,7	2,892466	2,683275	3,101656	3,2	9,3	110	1	NEGRO	AZUL
160mm x 12m HDPE PN-6 SDR-27,6	PE100	HDPE	160	12	PN-6 SDR-27,6	160,0	161,0	5,8	6,7	2,892466	2,683275	3,101656	3,2	9,3	110	1	NEGRO	AZUL
160mm x 6m SMARTCOLORS PN-6 SDR-27,6	PE100	SMARTCOLORS - HDPE	160	6	PN-6 SDR-27,6	160,0	161,0	5,8	6,7	2,892466	2,683275	3,101656	3,2	9,3	110	1		
160mm x 12m SMARTCOLORS PN-6 SDR-27,6	PE100	SMARTCOLORS - HDPE	160	12	PN-6 SDR-27,6	160,0	161,0	5,8	6,7	2,892466	2,683275	3,101656	3,2	9,3	110	1		
160mm x 6m HDPE PN-20 SDR-9	PE100	HDPE	160	6	PN-20 SDR-9	160,0	161,0	17,9	19,8	8,009608	7,631326	8,387891	3,2	31	110	4	NEGRO	AZUL
160mm x 12m HDPE PN-20 SDR-9	PE100	HDPE	160	12	PN-20 SDR-9	160,0	161,0	17,9	19,8	8,009608	7,631326	8,387891	3,2	31	110	4	NEGRO	AZUL
160mm x 6m SMARTCOLORS PN-20 SDR-9	PE100	SMARTCOLORS - HDPE	160	6	PN-20 SDR-9	160,0	161,0	17,9	19,8	8,009608	7,631326	8,387891	3,2	31	110	4		
160mm x 12m SMARTCOLORS PN-20 SDR-9	PE100	SMARTCOLORS - HDPE	160	12	PN-20 SDR-9	160,0	161,0	17,9	19,8	8,009608	7,631326	8,387891	3,2	31	110	4		
160mm x 6m HDPE PN-16 SDR-11	PE100	HDPE	160	6	PN-16 SDR-11	160,0	161,0	14,6	16,2	6,703388	6,368984	7,037792	3,2	24,8	110	2	NEGRO	AZUL
160mm x 12m HDPE PN-16 SDR-11	PE100	HDPE	160	12	PN-16 SDR-11	160,0	161,0	14,6	16,2	6,703388	6,368984	7,037792	3,2	24,8	110	2	NEGRO	AZUL
160mm x 6m SMARTCOLORS PN-16 SDR-11	PE100	SMARTCOLORS - HDPE	160	6	PN-16 SDR-11	160,0	161,0	14,6	16,2	6,703388	6,368984	7,037792	3,2	24,8	110	2		
160mm x 12m SMARTCOLORS PN-16 SDR-11	PE100	SMARTCOLORS - HDPE	160	12	PN-16 SDR-11	160,0	161,0	14,6	16,2	6,703388	6,368984	7,037792	3,2	24,8	110	2		
160mm x 6m HDPE PN-12,5 SDR-13,6	PE100	HDPE	160	6	PN-12,5 SDR-13,6	160,0	161,0	11,8	13,1	5,529778	5,246662	5,812893	3,2	19,7	110	2	NEGRO	AZUL
160mm x 12m HDPE PN-12,5 SDR-13,6	PE100	HDPE	160	12	PN-12,5 SDR-13,6	160,0	161,0	11,8	13,1	5,529778	5,246662	5,812893	3,2	19,7	110	2	NEGRO	AZUL
160mm x 6m SMARTCOLORS PN-12,5 SDR-13,6	PE100	SMARTCOLORS - HDPE	160	6	PN-12,5 SDR-13,6	160,0	161,0	11,8	13,1	5,529778	5,246662	5,812893	3,2	19,7	110	2		
160mm x 12m SMARTCOLORS PN-12,5 SDR-13,6	PE100	SMARTCOLORS - HDPE	160	12	PN-12,5 SDR-13,6	160,0	161,0	11,8	13,1	5,529778	5,246662	5,812893	3,2	19,7	110	2		
160mm x 6m HDPE PN-10 SDR-17	PE100	HDPE	160	6	PN-10 SDR-17	160,0	161,0	9,5	10,6	4,536315	4,289562	4,783068	3,2	15,5	110	2	NEGRO	AZUL
160mm x 12m HDPE PN-10 SDR-17	PE100	HDPE	160	12	PN-10 SDR-17	160,0	161,0	9,5	10,6	4,536315	4,289562	4,783068	3,2	15,5	110	2	NEGRO	AZUL
160mm x 6m SMARTCOLORS PN-10 SDR-17	PE100	SMARTCOLORS - HDPE	160	6	PN-10 SDR-17	160,0	161,0	9,5	10,6	4,536315	4,289562	4,783068	3,2	15,5	110	2		
160mm x 12m SMARTCOLORS PN-10 SDR-17	PE100	SMARTCOLORS - HDPE	160	12	PN-10 SDR-17	160,0	161,0	9,5	10,6	4,536315	4,289562	4,783068	3,2	15,5	110	2		
160mm x 6m CHAQUETA PP-UV S-20	PP-R	CHAQUETA PP-UV	160	6	S-20	160,0	160,5	3,9	4,5	1,863379	1,7309	1,9959	3,2		150	1	GRIS(AQS)	SIN LÍNEA
160mm x 6m BETA/FIBRA PN-16 S-3,2	PP-RCT/FV	BETA/FIBRA	160	6	PN-16 S-3,2	160,1	161,5	21,9	24,2	9,374953	8,9378	9,8121	3,2	47	135	4	GRIS(BETA)	NARANJA
160mm x 6m BETA/FIBRA PN-12,5 S-4	PP-RCT/FV	BETA/FIBRA	160	6	PN-12,5 S-4	160,1	161,5	17,9	19,8	7,901064	7,5167	8,2854	3,2	38	135	4	GRIS(BETA)	NARANJA
160mm x 6m BETA/FIBRA PN-10 S-5	PP-RCT/FV	BETA/FIBRA	160	6	PN-10 S-5	160,1	161,5	14,6	16,2	6,612215	6,2733	6,9512	3,2	30	135	2	GRIS(BETA)	NARANJA
160mm x 6m BETA PN-16 S-3,2	PP-RCT	BETA	160	6	PN-16 S-3,2	160,1	161,5	21,9	24,2	8,985992	8,5670	9,4050	3,2	47	135	4	GRIS(BETA)	ROJO
160mm x 6m BETA PN-12,5 S-4	PP-RCT	BETA	160	6	PN-12,5 S-4	160,1	161,5	17,9	19,8	7,573254	7,2049	7,9416	3,2	38	135	4	GRIS(BETA)	BLANCO
160mm x 6m BETA PN-10 S-5	PP-RCT	BETA	160	6	PN-10 S-5	160,1	161,5	14,6	16,2	6,337878	6,0130	6,6628	3,2	30	135	2	GRIS(BETA)	AZUL
160mm x 6m AQUASYSTEM TRICAPA S-20	PP-R	AQUASYSTEM TRICAPA	160	6	S-20	160,0	160,5	3,9	4,5	1,863379	1,7309	1,9959	3,2		150	1	GRIS(AQS)	SIN LÍNEA
160mm x 6m AQUASYSTEM IPS S-14	PP-R100/CACO3	AQUASYSTEM IPS	160	6	S-14	160,0	160,5	5,5	6,3	3,098190	2,8911	3,3052	3,2		150	1	NEGRO	NARANJA
160mm x 5m R3 PN-16 S-3,2	PP-R	R3	160	5	PN-16 S-3,2	160,1	161,5	21,9	24,2	9,025886	8,6050	9,4468	3,2	50	135	4	GRIS(R3)	ROJO
160mm x 5m R3 PN-10 S-5	PP-R	R3	160	5	PN-10 S-5	160,1	161,5	14,6	16,2	6,366016	6,0397	6,6924	3,2	32	135	2	GRIS(R3)	AZUL
160mm x 6m CHAQUETA PP-BLACK S-20	PP-R	CHAQUETA PP-BLACK	160	5	S-20	160,0	160,5	3,9	4,5	1,863379	1,7309	1,9959	3,2		150	1	NEGRO(AQS)	SIN LÍNEA
160mm x 5m CHAQUETA PP-UV S-20	PP-R	CHAQUETA PP-UV	160	5	S-20	160,0	160,5	3,9	4,5	1,863379	1,7309	1,9959	3,2		150	1	GRIS(AQS)	SIN LÍNEA
160mm x 5m BETA/FIBRA PN-16 S-3,2	PP-RCT/FV	BETA/FIBRA	160	5	PN-16 S-3,2	160,1	161,5	21,9	24,2	9,374953	8,9378	9,8121	3,2	47	135	4	GRIS(BETA)	NARANJA
160mm x 5m BETA/FIBRA PN-10 S-5	PP-RCT/FV	BETA/FIBRA	160	5	PN-10 S-5	160,1	161,5	14,6	16,2	6,612215	6,2733	6,9512	3,2	30	135	2	GRIS(BETA)	NARANJA
160mm x 5m AQUASYSTEM TRICAPA S-20	PP-R	AQUASYSTEM TRICAPA	160	5	S-20	160,0	160,5	3,9	4,5	1,863379	1,7309	1,9959	3,2		150	1	GRIS(AQS)	SIN LÍNEA
160mm x 5m AQUASYSTEM IPS S-14	PP-R100/CACO3	AQUASYSTEM IPS	160	5	S-14	160,0	160,5	5,5	6,3	3,098190	2,8911	3,3052	3,2		150	1	NEGRO	NARANJA
160mm x 12m BETA/FIBRA PN-16 S-3,2	PP-RCT/FV	BETA/FIBRA	160	12	PN-16 S-3,2	160,1	161,5	21,9	24,2	9,374953	8,9378	9,8121	3,2	47	135	4	GRIS(BETA)	NARANJA
140mm x 6m HDPE PN-16 SDR-11	PE100	HDPE	140	6	PN-16 SDR-11	140,0	140,9	12,7	14,1	5,107257	4,850483	5,364031	2,8	24,8	110	2	NEGRO	AZUL
140mm x 12m HDPE PN-16 SDR-11	PE100	HDPE	140	12	PN-16 SDR-11	140,0	140,9	12,7	14,1	5,107257	4,850483	5,364031	2,8	24,8	110	2	NEGRO	AZUL
140mm x 6m SMARTCOLORS PN-16 SDR-11	PE100	SMARTCOLORS - HDPE	140	6	PN-16 SDR-11	140,0	140,9	12,7	14,1	5,107257	4,850483	5,364031	2,8	24,8	110	2		
140mm x 12m SMARTCOLORS PN-16 SDR-11	PE100	SMARTCOLORS - HDPE	140	12	PN-16 SDR-11	140,0	140,9	12,7	14,1	5,107257	4,850483	5,364031	2,8	24,8	110	2		
140mm x 6m HDPE PN-12,5 SDR-13,6	PE100	HDPE	140	6	PN-12,5 SDR-13,6	140,0	140,9	10,3	11,5	4,236323	4,008022	4,464625	2,8	19,7	110	2	NEGRO	AZUL
140mm x 12m HDPE PN-12,5 SDR-13,6	PE100	HDPE	140	12	PN-12,5 SDR-13,6	140,0	140,9	10,3	11,5	4,236323	4,008022	4,464625	2,8	19,7	110	2	NEGRO	AZUL
140mm x 6m SMARTCOLORS PN-12,5 SDR-13,6	PE100	SMARTCOLORS - HDPE	140	6	PN-12,5 SDR-13,6	140,0	140,9	10,3	11,5	4,236323	4,008022	4,464625	2,8	19,7	110	2		
140mm x 12m SMARTCOLORS PN-12,5 SDR-13,6	PE100	SMARTCOLORS - HDPE	140	12	PN-12,5 SDR-13,6	140,0	140,9	10,3	11,5	4,236323	4,008022	4,464625	2,8	19,7	110	2		
140mm x 6m HDPE PN-10 SDR-17	PE100	HDPE	140	6	PN-10 SDR-17	140,0	140,9	8,3	9,3	3,475738	3,279569	3,671907	2,8	15,5	110	2	NEGRO	AZUL
140mm x 12m HDPE PN-10 SDR-17	PE100	HDPE	140	12	PN-10 SDR-17	140,0	140,9	8,3	9,3	3,475738	3,279569	3,671907	2,8	15,5	110	2	NEGRO	AZUL
140mm x 6m SMARTCOLORS PN-10 SDR-17	PE100	SMARTCOLORS - HDPE	140	6	PN-10 SDR-17	140,0	140,9	8,3	9,3	3,475738	3,279569	3,671907	2,8	15,5	110	2		
140mm x 12m SMARTCOLORS PN-10 SDR-17	PE100	SMARTCOLORS - HDPE	140	12	PN-10 SDR-17	140,0	140,9	8,3	9,3	3,475738	3,279569	3,671907	2,8	15,5	110	2		
140mm x 6m HDPE PN-6 SDR-27,6	PE100	HDPE	140	6	PN-6 SDR-27,6	140,0	140,9	5,1	5,9	2,226897	2,064120	2,389674	2,8	9,3	110	1	NEGRO	AZUL
140mm x 12m HDPE PN-6 SDR-27,6	PE100	HDPE	140	12	PN-6 SDR-27,6	140,0	140,9	5,1	5,9	2,226897	2,064120	2,389674	2,8	9,3	110	1	NEGRO	AZUL
140mm x 6m SMARTCOLORS PN-6 SDR-27,6	PE100	SMARTCOLORS - HDPE	140	6	PN-6 SDR-27,6	140,0	140,9	5,1	5,9	2,226897	2,064120	2,389674	2,8	9,3	110	1		
140mm x 12m SMARTCOLORS PN-6 SDR-27,6	PE100	SMARTCOLORS - HDPE	140	12	PN-6 SDR-27,6	140,0	140,9	5,1	5,9	2,226897	2,064120	2,389674	2,8	9,3	110	1		
125mm x 6m R3 PN-16 S-3,2	PP-R	R3	125	6	PN-16 S-3,2	125,1	126,2	17,1	19,0	5,520807	5,2507	5,7909	2,5	50	135	4	GRIS(R3)	ROJO
125mm x 6m R3 PN-10 S-5	PP-R	R3	125	6	PN-10 S-5	125,1	126,2	11,4	12,7	3,891731	3,6852	4,0982	2,5	32	135	2	GRIS(R3)	AZUL
125mm x 6m POLI-ONE PN-16 S-3,2	PP-R	POLI-ONE	125	6	PN-16 S-3,2	125,1	126,2	17,1	19,0	5,520807	5,2507	5,7909	2,5	50	135	4	GRIS(P1)	ROJO
125mm x 6m HDPE PN-6 SDR-27,6	PE100	HDPE	125	6	PN-6 SDR-27,6	125,0	125,8	4,6	5,0	1,736886	1,661641	1,812132	2,5	9,3	110	1	NEGRO	AZUL
125mm x 12m HDPE PN-6 SDR-27,6	PE100	HDPE	125	12	PN-6 SDR-27,6	125,0	125,8	4,6	5,0	1,736886	1,661641	1,812132	2,5	9,3	110	1	NEGRO	AZUL
125mm x 6m SMARTCOLORS PN-6 SDR-27,6	PE100	SMARTCOLORS - HDPE	125	6	PN-6 SDR-27,6	125,0	125,8	4,6	5,0	1,736886	1,661641	1,812132	2,5	9,3	110	1		
125mm x 12m SMARTCOLORS PN-6 SDR-27,6	PE100	SMARTCOLORS - HDPE	125	12	PN-6 SDR-27,6	125,0	125,8	4,6	5,0	1,736886	1,661641	1,812132	2,5	9,3	110	1		
125mm x 6m HDPE PN-20 SDR-9	PE100	HDPE	125	6	PN-20 SDR-9	125,0	125,8	14,0	15,6	4,910038	4,662339	5,157736	2,5	31	110	2	NEGRO	AZUL
125mm x 12m HDPE PN-20 SDR-9	PE100	HDPE	125	12	PN-20 SDR-9	125,0	125,8	14,0	15,6	4,910038	4,662339	5,157736	2,5	31	110	2	NEGRO	AZUL
125mm x 6m SMARTCOLORS PN-20 SDR-9	PE100	SMARTCOLORS - HDPE	125	6	PN-20 SDR-9	125,0	125,8	14,0	15,6	4,910038	4,662339	5,157736	2,5	31	110	2		
125mm x 12m SMARTCOLORS PN-20 SDR-9	PE100	SMARTCOLORS - HDPE	125	12	PN-20 SDR-9	125,0	125,8	14,0	15,6	4,910038	4,662339	5,157736	2,5	31	110	2		
125mm x 6m HDPE PN-16 SDR-11	PE100	HDPE	125	6	PN-16 SDR-11	125,0	125,8	11,4	12,7	4,097413	3,885403	4,309424	2,5	24,8	110	2	NEGRO	AZUL
125mm x 12m HDPE PN-16 SDR-11	PE100	HDPE	125	12	PN-16 SDR-11	125,0	125,8	11,4	12,7	4,097413	3,885403	4,309424	2,5	24,8	110	2	NEGRO	AZUL
125mm x 6m SMARTCOLORS PN-16 SDR-11	PE100	SMARTCOLORS - HDPE	125	6	PN-16 SDR-11	125,0	125,8	11,4	12,7	4,097413	3,885403	4,309424	2,5	24,8	110	2		
125mm x 12m SMARTCOLORS PN-16 SDR-11	PE100	SMARTCOLORS - HDPE	125	12	PN-16 SDR-11	125,0	125,8	11,4	12,7	4,097413	3,885403	4,309424	2,5	24,8	110	2		
125mm x 6m HDPE PN-12,5 SDR-13,6	PE100	HDPE	125	6	PN-12,5 SDR-13,6	125,0	125,8	9,2	10,3	3,382761	3,196313	3,569210	2,5	19,7	110	2	NEGRO	AZUL
125mm x 12m HDPE PN-12,5 SDR-13,6	PE100	HDPE	125	12	PN-12,5 SDR-13,6	125,0	125,8	9,2	10,3	3,382761	3,196313	3,569210	2,5	19,7	110	2	NEGRO	AZUL
125mm x 6m SMARTCOLORS PN-12,5 SDR-13,6	PE100	SMARTCOLORS - HDPE	125	6	PN-12,5 SDR-13,6	125,0	125,8	9,2	10,3	3,382761	3,196313	3,569210	2,5	19,7	110	2		
125mm x 12m SMARTCOLORS PN-12,5 SDR-13,6	PE100	SMARTCOLORS - HDPE	125	12	PN-12,5 SDR-13,6	125,0	125,8	9,2	10,3	3,382761	3,196313	3,569210	2,5	19,7	110	2		
125mm x 6m HDPE PN-10 SDR-17	PE100	HDPE	125	6	PN-10 SDR-17	125,0	125,8	7,4	8,3	2,768437	2,610910	2,925963	2,5	15,5	110	1	NEGRO	AZUL
125mm x 12m HDPE PN-10 SDR-17	PE100	HDPE	125	12	PN-10 SDR-17	125,0	125,8	7,4	8,3	2,768437	2,610910	2,925963	2,5	15,5	110	1	NEGRO	AZUL
125mm x 6m SMARTCOLORS PN-10 SDR-17	PE100	SMARTCOLORS - HDPE	125	6	PN-10 SDR-17	125,0	125,8	7,4	8,3	2,768437	2,610910	2,925963	2,5	15,5	110	1		
125mm x 12m SMARTCOLORS PN-10 SDR-17	PE100	SMARTCOLORS - HDPE	125	12	PN-10 SDR-17	125,0	125,8	7,4	8,3	2,768437	2,610910	2,925963	2,5	15,5	110	1		
125mm x 5m CHAQUETA PP-BLACK S-20	PP-R	CHAQUETA PP-BLACK	125	6	S-20	125,0	125,4	3,1	3,7	1,177315	1,0744	1,2802	2,5		150	1	NEGRO(AQS)	SIN LÍNEA
125mm x 6m CHAQUETA PP-UV S-20	PP-R	CHAQUETA PP-UV	125	6	S-20	125,0	125,4	3,1	3,7	1,177315	1,0744	1,2802	2,5		150	1	GRIS(AQS)	SIN LÍNEA
125mm x 6m BETA/FIBRA PN-16 S-3,2	PP-RCT/FV	BETA/FIBRA	125	6	PN-16 S-3,2	125,1	126,2	17,1	19,0	5,734319	5,4538	6,0149	2,5	47	135	4	GRIS(BETA)	NARANJA
125mm x 6m BETA/FIBRA PN-12,5 S-4	PP-RCT/FV	BETA/FIBRA	125	6	PN-12,5 S-4	125,1	126,2	14,0	15,6	4,844197	4,5932	5,0952	2,5	38	135	2	GRIS(BETA)	NARANJA
125mm x 6m BETA/FIBRA PN-10 S-5	PP-RCT/FV	BETA/FIBRA	125	6	PN-10 S-5	125,1	126,2	11,4	12,7	4,042240	3,8277	4,2567	2,5	30	135	2	GRIS(BETA)	NARANJA
125mm x 6m BETA PN-16 S-3,2	PP-RCT	BETA	125	6	PN-16 S-3,2	125,1	126,2	17,1	19,0	5,496406	5,2275	5,7653	2,5	47	135	4	GRIS(BETA)	ROJO
125mm x 6m BETA PN-12,5 S-4	PP-RCT	BETA	125	6	PN-12,5 S-4	125,1	126,2	14,0	15,5	4,629755	4,4027	4,8568	2,5	38	135	2	GRIS(BETA)	BLANCO
125mm x 6m BETA PN-10 S-5	PP-RCT	BETA	125	6	PN-10 S-5	125,1	126,2	11,4	12,7	3,874530	3,6689	4,0801	2,5	30	135	2	GRIS(BETA)	AZUL
125mm x 6m AQUASYSTEM TRICAPA S-20	PP-R	AQUASYSTEM TRICAPA	125	6	S-20	125,0	125,4	3,1	3,7	1,177315	1,0744	1,2802	2,5		150	1	GRIS(AQS)	SIN LÍNEA
125mm x 6m AQUASYSTEM IPS S-14	PP-R100/CACO3	AQUASYSTEM IPS	125	5	S-14	125,0	125,4	4,3	5,0	1,907030	1,7658	2,0482	2,5		150	1	NEGRO	NARANJA
125mm x 5m R3 PN-16 S-3,2	PP-R	R3	125	5	PN-16 S-3,2	125,1	126,2	17,1	19,0	5,520807	5,2507	5,7909	2,5	50	135	4	GRIS(R3)	ROJO
125mm x 5m R3 PN-10 S-5	PP-R	R3	125	5	PN-10 S-5	125,1	126,2	11,4	12,7	3,891731	3,6852	4,0982	2,5	32	135	2	GRIS(R3)	AZUL
125mm x 5m CHAQUETA PP-UV S-20	PP-R	CHAQUETA PP-UV	125	5	S-20	125,0	125,4	3,1	3,7	1,177315	1,0744	1,2802	2,5		150	1	GRIS(AQS)	SIN LÍNEA
125mm x 5m BETA/FIBRA PN-16 S-3,2	PP-RCT/FV	BETA/FIBRA	125	5	PN-16 S-3,2	125,1	126,2	17,1	19,0	5,734319	5,4538	6,0149	2,5	47	135	4	GRIS(BETA)	NARANJA
125mm x 5m AQUASYSTEM TRICAPA S-20	PP-R	AQUASYSTEM TRICAPA	125	5	S-20	125,0	125,4	3,1	3,7	1,177315	1,0744	1,2802	2,5		150	1	GRIS(AQS)	SIN LÍNEA
125mm x 12m BETA/FIBRA PN-16 S-3,2 	PP-RCT/FV	BETA/FIBRA	125	12	PN-16 S-3,2	125,1	126,2	17,1	19,0	5,734319	5,4538	6,0149	2,5	47	135	4	GRIS(BETA)	NARANJA
110mm x 6m R3 PN-20 S-2,5	PP-R	R3	110	6	PN-20 S-2,5	110,1	111,0	18,3	20,3	5,005559	4,7763	5,2348	2,2	64	135	4	GRIS(R3)	VERDE
110mm x 6m R3 PN-16 S-3,2	PP-R	R3	110	6	PN-16 S-3,2	110,1	111,0	15,1	16,8	4,288960	4,0785	4,4994	2,2	50	135	2	GRIS(R3)	ROJO
110mm x 6m R3 PN-10 S-5	PP-R	R3	110	6	PN-10 S-5	110,1	111,0	10,0	11,1	2,999355	2,8460	3,1527	2,2	32	135	2	GRIS(R3)	AZUL
110mm x 6m PP-H PN-16 S-3,2	PP-H	PP-H	110	6	PN-16 S-3,2	110,1	111,0	15,1	16,8	4,288960	4,0785	4,4994	2,2	65,6	150	2	GRIS(PP-H)	SIN LÍNEA
280mm x 6m PP-H PN-10 S-5	PP-H	PP-H	280	6	PN-10 S-5	280,0	282,5	25,4	28,2	19,387507	18,3861	20,3889	9,8	42	150	4	GRIS(PP-H)	SIN LÍNEA
63mm x 6m PP-H PN-10 S-5	PP-H	PP-H	63	6	PN-10 S-5	63,1	63,6	5,8	6,5	1,000060	0,9449	1,0552	1,5	42	150	1	GRIS(PP-H)	SIN LÍNEA
400mm x 6m PP-H PN-6 S-8,3	PP-H	PP-H	400	6	PN-6 S-8,3	400,0	403,6	22,7	25,2	25,730962	24,3507	27,1113	14,0	25,3	150	4	GRIS(PP-H)	SIN LÍNEA
110mm x 6m PP-H PN-10 S-5	PP-H	PP-H	110	6	PN-10 S-5	110,0	111,0	10,0	11,1	2,997934	2,8431	3,1527	2,2	42	150	2	GRIS(PP-H)	SIN LÍNEA
110mm x 6m POLI-ONE/BETA PN-16 S-3,2	PP-RCT	POLI-ONE/BETA	110	6	PN-16 S-3,2	110,1	111,0	15,1	16,8	4,270004	4,0605	4,4796	2,2	47	135	2	GRIS(P1)	ROJO
110mm x 6m POLI-ONE PN-16 S-3,2	PP-R	POLI-ONE	110	6	PN-16 S-3,2	110,1	111,0	15,1	16,8	4,288960	4,0785	4,4994	2,2	50,0	135	2	GRIS(P1)	ROJO
110mm x 6m POLI-ONE PN-10 S-5	PP-R	POLI-ONE	110	6	PN-10 S-5	110,1	111,0	10,0	11,1	2,999355	2,8460	3,1527	2,2	32	135	2	GRIS(P1)	AZUL
110mm x 6m HDPE PN-6 SDR-27,6	PE100	HDPE	110	6	PN-6 SDR-27,6	110,0	110,7	4,0	4,6	1,368190	1,272093	1,464287	2,2	9,3	110	1	NEGRO	AZUL
110mm x 12m HDPE PN-6 SDR-27,6	PE100	HDPE	110	12	PN-6 SDR-27,6	110,0	110,7	4,0	4,6	1,368190	1,272093	1,464287	2,2	9,3	110	1	NEGRO	AZUL
110mm x 50m HDPE PN-6 SDR-27,6	PE100	HDPE	110	50	PN-6 SDR-27,6	110,0	110,7	4,0	4,6	1,368190	1,272093	1,464287	2,2	9,3	110	1	NEGRO	AZUL
110mm x 100m HDPE PN-6 SDR-27,6	PE100	HDPE	110	100	PN-6 SDR-27,6	110,0	110,7	4,0	4,6	1,368190	1,272093	1,464287	2,2	9,3	110	1	NEGRO	AZUL
110mm x 150m HDPE PN-6 SDR-27,6	PE100	HDPE	110	150	PN-6 SDR-27,6	110,0	110,7	4,0	4,6	1,368190	1,272093	1,464287	2,2	9,3	110	1	NEGRO	AZUL
110mm x 200m HDPE PN-6 SDR-27,6	PE100	HDPE	110	200	PN-6 SDR-27,6	110,0	110,7	4,0	4,6	1,368190	1,272093	1,464287	2,2	9,3	110	1	NEGRO	AZUL
110mm x 6m SMARTCOLORS PN-6 SDR-27,6	PE100	SMARTCOLORS - HDPE	110	6	PN-6 SDR-27,6	110,0	110,7	4,0	4,6	1,368190	1,272093	1,464287	2,2	9,3	110	1		
110mm x 12m SMARTCOLORS PN-6 SDR-27,6	PE100	SMARTCOLORS - HDPE	110	12	PN-6 SDR-27,6	110,0	110,7	4,0	4,6	1,368190	1,272093	1,464287	2,2	9,3	110	1		
110mm x 50m SMARTCOLORS PN-6 SDR-27,6	PE100	SMARTCOLORS - HDPE	110	50	PN-6 SDR-27,6	110,0	110,7	4,0	4,6	1,368190	1,272093	1,464287	2,2	9,3	110	1		
110mm x 100m SMARTCOLORS PN-6 SDR-27,6	PE100	SMARTCOLORS - HDPE	110	100	PN-6 SDR-27,6	110,0	110,7	4,0	4,6	1,368190	1,272093	1,464287	2,2	9,3	110	1		
110mm x 150m SMARTCOLORS PN-6 SDR-27,6	PE100	SMARTCOLORS - HDPE	110	150	PN-6 SDR-27,6	110,0	110,7	4,0	4,6	1,368190	1,272093	1,464287	2,2	9,3	110	1		
110mm x 200m SMARTCOLORS PN-6 SDR-27,6	PE100	SMARTCOLORS - HDPE	110	200	PN-6 SDR-27,6	110,0	110,7	4,0	4,6	1,368190	1,272093	1,464287	2,2	9,3	110	1		
110mm x 6m HDPE PN-20 SDR-9	PE100	HDPE	110	6	PN-20 SDR-9	110,0	110,7	12,3	13,7	3,796191	3,605393	3,986990	2,2	31	110	2	NEGRO	AZUL
110mm x 12m HDPE PN-20 SDR-9	PE100	HDPE	110	12	PN-20 SDR-9	110,0	110,7	12,3	13,7	3,796191	3,605393	3,986990	2,2	31	110	2	NEGRO	AZUL
110mm x 50m HDPE PN-20 SDR-9	PE100	HDPE	110	50	PN-20 SDR-9	110,0	110,7	12,3	13,7	3,796191	3,605393	3,986990	2,2	31	110	2	NEGRO	AZUL
110mm x 100m HDPE PN-20 SDR-9	PE100	HDPE	110	100	PN-20 SDR-9	110,0	110,7	12,3	13,7	3,796191	3,605393	3,986990	2,2	31	110	2	NEGRO	AZUL
110mm x 150m HDPE PN-20 SDR-9	PE100	HDPE	110	150	PN-20 SDR-9	110,0	110,7	12,3	13,7	3,796191	3,605393	3,986990	2,2	31	110	2	NEGRO	AZUL
110mm x 200m HDPE PN-20 SDR-9	PE100	HDPE	110	200	PN-20 SDR-9	110,0	110,7	12,3	13,7	3,796191	3,605393	3,986990	2,2	31	110	2	NEGRO	AZUL
110mm x 6m SMARTCOLORS PN-20 SDR-9	PE100	SMARTCOLORS - HDPE	110	6	PN-20 SDR-9	110,0	110,7	12,3	13,7	3,796191	3,605393	3,986990	2,2	31	110	2		
110mm x 12m SMARTCOLORS PN-20 SDR-9	PE100	SMARTCOLORS - HDPE	110	12	PN-20 SDR-9	110,0	110,7	12,3	13,7	3,796191	3,605393	3,986990	2,2	31	110	2		
110mm x 50m SMARTCOLORS PN-20 SDR-9	PE100	SMARTCOLORS - HDPE	110	50	PN-20 SDR-9	110,0	110,7	12,3	13,7	3,796191	3,605393	3,986990	2,2	31	110	2		
110mm x 100m SMARTCOLORS PN-20 SDR-9	PE100	SMARTCOLORS - HDPE	110	100	PN-20 SDR-9	110,0	110,7	12,3	13,7	3,796191	3,605393	3,986990	2,2	31	110	2		
110mm x 150m SMARTCOLORS PN-20 SDR-9	PE100	SMARTCOLORS - HDPE	110	150	PN-20 SDR-9	110,0	110,7	12,3	13,7	3,796191	3,605393	3,986990	2,2	31	110	2		
110mm x 200m SMARTCOLORS PN-20 SDR-9	PE100	SMARTCOLORS - HDPE	110	200	PN-20 SDR-9	110,0	110,7	12,3	13,7	3,796191	3,605393	3,986990	2,2	31	110	2		
110mm x 6m HDPE PN-16 SDR-11	PE100	HDPE	110	6	PN-16 SDR-11	110,0	110,7	10,0	11,1	3,158570	3,000218	3,316922	2,2	24,8	110	2	NEGRO	AZUL
110mm x 12m HDPE PN-16 SDR-11	PE100	HDPE	110	12	PN-16 SDR-11	110,0	110,7	10,0	11,1	3,158570	3,000218	3,316922	2,2	24,8	110	2	NEGRO	AZUL
110mm x 50m HDPE PN-16 SDR-11	PE100	HDPE	110	50	PN-16 SDR-11	110,0	110,7	10,0	11,1	3,158570	3,000218	3,316922	2,2	24,8	110	2	NEGRO	AZUL
110mm x 100m HDPE PN-16 SDR-11	PE100	HDPE	110	100	PN-16 SDR-11	110,0	110,7	10,0	11,1	3,158570	3,000218	3,316922	2,2	24,8	110	2	NEGRO	AZUL
110mm x 150m HDPE PN-16 SDR-11	PE100	HDPE	110	150	PN-16 SDR-11	110,0	110,7	10,0	11,1	3,158570	3,000218	3,316922	2,2	24,8	110	2	NEGRO	AZUL
110mm x 200m HDPE PN-16 SDR-11	PE100	HDPE	110	200	PN-16 SDR-11	110,0	110,7	10,0	11,1	3,158570	3,000218	3,316922	2,2	24,8	110	2	NEGRO	AZUL
110mm x 6m SMARTCOLORS PN-16 SDR-11	PE100	SMARTCOLORS - HDPE	110	6	PN-16 SDR-11	110,0	110,7	10,0	11,1	3,158570	3,000218	3,316922	2,2	24,8	110	2		
110mm x 12m SMARTCOLORS PN-16 SDR-11	PE100	SMARTCOLORS - HDPE	110	12	PN-16 SDR-11	110,0	110,7	10,0	11,1	3,158570	3,000218	3,316922	2,2	24,8	110	2		
110mm x 50m SMARTCOLORS PN-16 SDR-11	PE100	SMARTCOLORS - HDPE	110	50	PN-16 SDR-11	110,0	110,7	10,0	11,1	3,158570	3,000218	3,316922	2,2	24,8	110	2		
110mm x 100m SMARTCOLORS PN-16 SDR-11	PE100	SMARTCOLORS - HDPE	110	100	PN-16 SDR-11	110,0	110,7	10,0	11,1	3,158570	3,000218	3,316922	2,2	24,8	110	2		
110mm x 150m SMARTCOLORS PN-16 SDR-11	PE100	SMARTCOLORS - HDPE	110	150	PN-16 SDR-11	110,0	110,7	10,0	11,1	3,158570	3,000218	3,316922	2,2	24,8	110	2		
110mm x 200m SMARTCOLORS PN-16 SDR-11	PE100	SMARTCOLORS - HDPE	110	200	PN-16 SDR-11	110,0	110,7	10,0	11,1	3,158570	3,000218	3,316922	2,2	24,8	110	2		
110mm x 6m HDPE PN-12,5 SDR-13,6	PE100	HDPE	110	6	PN-12,5 SDR-13,6	110,0	110,7	8,1	9,1	2,625116	2,476350	2,773882	2,2	19,7	110	2	NEGRO	AZUL
110mm x 12m HDPE PN-12,5 SDR-13,6	PE100	HDPE	110	12	PN-12,5 SDR-13,6	110,0	110,7	8,1	9,1	2,625116	2,476350	2,773882	2,2	19,7	110	2	NEGRO	AZUL
110mm x 50m HDPE PN-12,5 SDR-13,6	PE100	HDPE	110	50	PN-12,5 SDR-13,6	110,0	110,7	8,1	9,1	2,625116	2,476350	2,773882	2,2	19,7	110	2	NEGRO	AZUL
110mm x 100m HDPE PN-12,5 SDR-13,6	PE100	HDPE	110	100	PN-12,5 SDR-13,6	110,0	110,7	8,1	9,1	2,625116	2,476350	2,773882	2,2	19,7	110	2	NEGRO	AZUL
110mm x 150m HDPE PN-12,5 SDR-13,6	PE100	HDPE	110	150	PN-12,5 SDR-13,6	110,0	110,7	8,1	9,1	2,625116	2,476350	2,773882	2,2	19,7	110	2	NEGRO	AZUL
110mm x 200m HDPE PN-12,5 SDR-13,6	PE100	HDPE	110	200	PN-12,5 SDR-13,6	110,0	110,7	8,1	9,1	2,625116	2,476350	2,773882	2,2	19,7	110	2	NEGRO	AZUL
110mm x 6m SMARTCOLORS PN-12,5 SDR-13,6	PE100	SMARTCOLORS - HDPE	110	6	PN-12,5 SDR-13,6	110,0	110,7	8,1	9,1	2,625116	2,476350	2,773882	2,2	19,7	110	2		
110mm x 12m SMARTCOLORS PN-12,5 SDR-13,6	PE100	SMARTCOLORS - HDPE	110	12	PN-12,5 SDR-13,6	110,0	110,7	8,1	9,1	2,625116	2,476350	2,773882	2,2	19,7	110	2		
110mm x 50m SMARTCOLORS PN-12,5 SDR-13,6	PE100	SMARTCOLORS - HDPE	110	50	PN-12,5 SDR-13,6	110,0	110,7	8,1	9,1	2,625116	2,476350	2,773882	2,2	19,7	110	2		
110mm x 100m SMARTCOLORS PN-12,5 SDR-13,6	PE100	SMARTCOLORS - HDPE	110	100	PN-12,5 SDR-13,6	110,0	110,7	8,1	9,1	2,625116	2,476350	2,773882	2,2	19,7	110	2		
110mm x 150m SMARTCOLORS PN-12,5 SDR-13,6	PE100	SMARTCOLORS - HDPE	110	150	PN-12,5 SDR-13,6	110,0	110,7	8,1	9,1	2,625116	2,476350	2,773882	2,2	19,7	110	2		
110mm x 200m SMARTCOLORS PN-12,5 SDR-13,6	PE100	SMARTCOLORS - HDPE	110	200	PN-12,5 SDR-13,6	110,0	110,7	8,1	9,1	2,625116	2,476350	2,773882	2,2	19,7	110	2		
110mm x 6m HDPE PN-10 SDR-17	PE100	HDPE	110	6	PN-10 SDR-17	110,0	110,7	6,6	7,4	2,170448	2,047469	2,293427	2,2	15,5	110	1	NEGRO	AZUL
110mm x 12m HDPE PN-10 SDR-17	PE100	HDPE	110	12	PN-10 SDR-17	110,0	110,7	6,6	7,4	2,170448	2,047469	2,293427	2,2	15,5	110	1	NEGRO	AZUL
110mm x 50m HDPE PN-10 SDR-17	PE100	HDPE	110	50	PN-10 SDR-17	110,0	110,7	6,6	7,4	2,170448	2,047469	2,293427	2,2	15,5	110	1	NEGRO	AZUL
110mm x 100m HDPE PN-10 SDR-17	PE100	HDPE	110	100	PN-10 SDR-17	110,0	110,7	6,6	7,4	2,170448	2,047469	2,293427	2,2	15,5	110	1	NEGRO	AZUL
110mm x 150m HDPE PN-10 SDR-17	PE100	HDPE	110	150	PN-10 SDR-17	110,0	110,7	6,6	7,4	2,170448	2,047469	2,293427	2,2	15,5	110	1	NEGRO	AZUL
110mm x 200m HDPE PN-10 SDR-17	PE100	HDPE	110	200	PN-10 SDR-17	110,0	110,7	6,6	7,4	2,170448	2,047469	2,293427	2,2	15,5	110	1	NEGRO	AZUL
110mm x 6m SMARTCOLORS PN-10 SDR-17	PE100	SMARTCOLORS - HDPE	110	6	PN-10 SDR-17	110,0	110,7	6,6	7,4	2,170448	2,047469	2,293427	2,2	15,5	110	1		
110mm x 12m SMARTCOLORS PN-10 SDR-17	PE100	SMARTCOLORS - HDPE	110	12	PN-10 SDR-17	110,0	110,7	6,6	7,4	2,170448	2,047469	2,293427	2,2	15,5	110	1		
110mm x 50m SMARTCOLORS PN-10 SDR-17	PE100	SMARTCOLORS - HDPE	110	50	PN-10 SDR-17	110,0	110,7	6,6	7,4	2,170448	2,047469	2,293427	2,2	15,5	110	1		
110mm x 100m SMARTCOLORS PN-10 SDR-17	PE100	SMARTCOLORS - HDPE	110	100	PN-10 SDR-17	110,0	110,7	6,6	7,4	2,170448	2,047469	2,293427	2,2	15,5	110	1		
110mm x 150m SMARTCOLORS PN-10 SDR-17	PE100	SMARTCOLORS - HDPE	110	150	PN-10 SDR-17	110,0	110,7	6,6	7,4	2,170448	2,047469	2,293427	2,2	15,5	110	1		
110mm x 200m SMARTCOLORS PN-10 SDR-17	PE100	SMARTCOLORS - HDPE	110	200	PN-10 SDR-17	110,0	110,7	6,6	7,4	2,170448	2,047469	2,293427	2,2	15,5	110	1		
110mm x 5m CHAQUETA PP-UV S-20	PP-R	CHAQUETA PP-UV	110	5	S-20	110,0	110,4	2,7	3,2	0,899498	0,8237	0,9753	2,2		150	1	GRIS(AQS)	SIN LÍNEA
110mm x 6m BETA/FIBRA PN-16 S-3,2	PP-RCT/FV	BETA/FIBRA	110	6	PN-16 S-3,2	110,1	111,0	15,1	16,8	4,454832	4,2362	4,6734	2,2	47	135	2	GRIS(BETA)	NARANJA
110mm x 6m BETA/FIBRA PN-12,5 S-4	PP-RCT/FV	BETA/FIBRA	110	6	PN-12,5 S-4	110,1	111,0	12,3	13,7	3,744450	3,5524	3,9365	2,2	38	135	2	GRIS(BETA)	NARANJA
110mm x 6m BETA/FIBRA PN-10 S-5	PP-RCT/FV	BETA/FIBRA	110	6	PN-10 S-5	110,1	111,0	10,0	11,1	3,115352	2,9560	3,2747	2,2	30	135	2	GRIS(BETA)	NARANJA
110mm x 6m BETA PN-16 S-3,2	PP-RCT	BETA	110	6	PN-16 S-3,2	110,1	111,0	15,1	16,8	4,270004	4,0605	4,4796	2,2	47	135	2	GRIS(BETA)	ROJO
110mm x 6m BETA PN-12,5 S-4	PP-RCT	BETA	110	6	PN-12,5 S-4	110,1	111,0	12,3	13,7	3,589095	3,4050	3,7732	2,2	38	135	2	GRIS(BETA)	BLANCO
110mm x 6m BETA PN-10 S-5	PP-RCT	BETA	110	6	PN-10 S-5	110,1		10,0	11,1	1,242324	2,8334	-0,3488	2,2	30	135	2	GRIS(BETA)	AZUL
110mm x 6m AQUASYSTEM TRICAPA S-20	PP-R	AQUASYSTEM TRICAPA	110	6	S-20	110,0	110,4	2,7	3,2	0,899498	0,8237	0,9753	2,2		150	1	GRIS(AQS)	SIN LÍNEA
110mm x 6m AQUASYSTEM IPS S-14	PP-R100/CACO3	AQUASYSTEM IPS	110	6	S-14	110,0	110,4	3,8	4,4	1,479951	1,3730	1,5869	2,2		150	1	NEGRO	NARANJA
110mm x 5m R3 PN-20 S-2,5	PP-R	R3	110	5	PN-20 S-2,5	110,1	111,0	18,3	20,3	5,005559	4,7763	5,2348	2,2	64	135	4	GRIS(R3)	VERDE
110mm x 5m R3 PN-16 S-3,2	PP-R	R3	110	5	PN-16 S-3,2	110,1	111,0	15,1	16,8	4,288960	4,0785	4,4994	2,2	50	135	2	GRIS(R3)	ROJO
110mm x 5m R3 PN-10 S-5	PP-R	R3	110	5	PN-10 S-5	110,1	111,0	10,0	11,1	2,999355	2,8460	3,1527	2,2	32	135	2	GRIS(R3)	AZUL
110mm x 5m CHAQUETA PP-BLACK S-20	PP-R	CHAQUETA PP-BLACK	110	5	S-20	110,0	110,4	2,7	3,2	0,899498	0,8237	0,9753	2,2		150	1	NEGRO(AQS)	SIN LÍNEA
110mm x 5m CHAQUETA PP-UV S-20	PP-R	CHAQUETA PP-UV	110	5	S-20	110,0	110,4	2,7	3,2	0,899498	0,8237	0,9753	2,2		150	1	GRIS(AQS)	SIN LÍNEA
110mm x 5m BETA/FIBRA PN-16 S-3,2	PP-RCT/FV	BETA/FIBRA	110	5	PN-16 S-3,2	110,1	111,0	15,1	16,8	4,454832	4,2362	4,6734	2,2	47	135	2	GRIS(BETA)	NARANJA
110mm x 5m BETA/FIBRA PN-10 S-5	PP-RCT/FV	BETA/FIBRA	110	5	PN-10 S-5	110,1	111,0	10,0	11,1	3,115352	2,9560	3,2747	2,2	30	135	2	GRIS(BETA)	NARANJA
110mm x 5m AQUASYSTEM TRICAPA S-20	PP-R	AQUASYSTEM TRICAPA	110	5	S-20	110,0	110,4	2,7	3,2	0,899498	0,8237	0,9753	2,2		150	1	GRIS(AQS)	SIN LÍNEA
110mm x 5m AQUASYSTEM IPS S-14	PP-R100/CACO3	AQUASYSTEM IPS	110	5	S-14	110,0	110,4	3,8	4,4	1,479951	1,3730	1,5869	2,2		150	1	NEGRO	NARANJA
90mm x 6m PP-RCT BETA MC PN-16 S-3,2	PP-RCT	BETA MC	90	6	PN-16 S-3,2	90,1	90,9	12,3	13,7	2,851207	2,7087	2,9937	1,8	47	135	2	GRIS(BETA)	ROJO
90mm x 6m PP-RCT BETA MC PN-12,5 S-4	PP-RCT	BETA MC	90	6	PN-12,5 S-4	90,1	90,9	10,1	11,3	2,416573	2,2871	2,5460	1,8	38	135	2	GRIS(BETA)	BLANCO
90mm x 6m PP-RCT BETA MC PN-10 S-5 	PP-RCT	BETA MC	90	6	PN-10 S-5	90,1	90,9	8,2	9,2	2,014264	1,9010	2,1276	1,8	30	135	2	GRIS(BETA)	AZUL
90mm x 5m PP-RCT BETA MC PN-12,5 S-4	PP-RCT	BETA MC	90	5	PN-12,5 S-4	90,1	90,9	10,1	11,3	2,416573	2,2871	2,5460	1,8	38	135	2	GRIS(BETA)	BLANCO
75mm x 6m PP-RCT BETA MC PN-16 S-3,2	PP-RCT	BETA MC	75	6	PN-16 S-3,2	75,1	75,7	10,3	11,5	1,989525	1,8892	2,0898	1,6	47	135	2	GRIS(BETA)	ROJO
75mm x 6m PP-RCT BETA MC PN-12,5 S-4	PP-RCT	BETA MC	75	6	PN-12,5 S-4	75,1	75,7	8,4	9,4	1,674991	1,5859	1,7641	1,6	38	135	2	GRIS(BETA)	BLANCO
75mm x 6m PP-RCT BETA MC PN-10 S-5	PP-RCT	BETA MC	75	6	PN-10 S-5	75,1	75,7	6,8	7,6	1,389811	1,3146	1,4650	1,6	30	135	1	GRIS(BETA)	AZUL
75mm x 5m PP-RCT BETA MC PN-16 S-3,2	PP-RCT	BETA MC	75	5	PN-16 S-3,2	75,1	75,7	10,3	11,5	1,989525	1,8892	2,0898	1,6	47	135	2	GRIS(BETA)	ROJO
63mm x 6m PP-RCT BETA MC PN-16 S-3,2	PP-RCT	BETA MC	63	6	PN-16 S-3,2	63,1	63,6	8,6	9,6	1,397029	1,3267	1,4674	1,5	47	135	2	GRIS(BETA)	ROJO
63mm x 6m PP-RCT BETA MC PN-12,5 S-4	PP-RCT	BETA MC	63	6	PN-12,5 S-4	63,1	63,6	7,1	8,0	1,192237	1,1254	1,2590	1,5	38	135	1	GRIS(BETA)	BLANCO
63mm x 6m PP-RCT BETA MC PN-10 S-5	PP-RCT	BETA MC	63	6	PN-10 S-5	63,1	63,6	5,8	6,5	0,995640	0,9407	1,0506	1,5	30	135	1	GRIS(BETA)	AZUL
63mm x 5m PP-RCT BETA MC PN-10 S-5	PP-RCT	BETA MC	63	5	PN-10 S-5	63,1	63,6	5,8	6,5	0,995640	0,9407	1,0506	1,5	30	135	1	GRIS(BETA)	AZUL
50mm x 6m PP-RCT BETA MC PN-16 S-3,2	PP-RCT	BETA MC	50	6	PN-16 S-3,2	50,1	50,5	6,9	7,7	0,888290	0,8437	0,9328	1,4	47	135	1	GRIS(BETA)	ROJO
50mm x 5m PP-RCT BETA MC PN-16 S-3,2	PP-RCT	BETA MC	50	5	PN-16 S-3,2	50,1	50,5	6,9	7,7	0,888290	0,8437	0,9328	1,4	47	135	1	GRIS(BETA)	ROJO
50mm x 6m PP-RCT BETA MC PN-12,5 S-4	PP-RCT	BETA MC	50	6	PN-12,5 S-4	50,1	50,5	5,6	6,3	0,746790	0,7054	0,7882	1,4	38	135	1	GRIS(BETA)	BLANCO
50mm x 6m PP-RCT BETA MC PN-12,5 S-4	PP-RCT	BETA MC	50	6	PN-12,5 S-4	50,1	50,5	5,6	6,3	0,746790	0,7054	0,7882	1,4	38	135	1	GRIS(BETA)	BLANCO
50mm x 5m PP-RCT BETA MC PN-10 S-5	PP-RCT	BETA MC	50	5	PN-10 S-5	50,1	50,5	4,6	5,2	0,629604	0,5924	0,6668	1,4	30	135	1	GRIS(BETA)	AZUL
50mm x 6m PP-RCT BETA MC PN-10 S-5	PP-RCT	BETA MC	50	6	PN-10 S-5	50,1	50,5	4,6	5,2	0,629604	0,5924	0,6668	1,4	30	135	1	GRIS(BETA)	AZUL
50mm x 5m PP-RCT BETA MC PN-12,5 S-4	PP-RCT	BETA MC	50	5	PN-12,5 S-4	50,1	50,5	5,6	6,3	0,746790	0,7054	0,7882	1,4	38	135	1	GRIS(BETA)	BLANCO
40mm x 5m PP-RCT BETA MC PN-16 S-3,2	PP-RCT	BETA MC	40	5	PN-16 S-3,2	40,1	40,4	5,5	6,2	0,569426	0,5387	0,6002	1,4	47	135	1	GRIS(BETA)	ROJO
40mm x 6m PP-RCT BETA MC PN-16 S-3,2	PP-RCT	BETA MC	40	6	PN-16 S-3,2	40,1	40,4	5,5	6,2	0,569426	0,5387	0,6002	1,4	47	135	1	GRIS(BETA)	ROJO
40mm x 6m PP-RCT BETA MC PN-12,5 S-4	PP-RCT	BETA MC	40	6	PN-12,5 S-4	40,1	40,4	4,5	5,1	0,481523	0,4535	0,5096	1,4	38	135	1	GRIS(BETA)	BLANCO
40mm x 5m PP-RCT BETA MC PN-10 S-5	PP-RCT	BETA MC	40	5	PN-10 S-5	40,1	40,4	3,7	4,2	0,405791	0,3812	0,4304	1,4	30	135	1	GRIS(BETA)	AZUL
40mm x 6m PP-RCT BETA MC PN-10 S-5	PP-RCT	BETA MC	40	6	PN-10 S-5	40,1	40,4	3,7	4,2	0,405791	0,3812	0,4304	1,4	30	135	1	GRIS(BETA)	AZUL
40mm x 5m PP-RCT BETA MC PN-12,5 S-4	PP-RCT	BETA MC	40	5	PN-12,5 S-4	40,1	40,4	4,5	5,1	0,481523	0,4535	0,5096	1,4	38	135	1	GRIS(BETA)	BLANCO
32mm x 5m PP-RCT BETA MC PN-16 S-3,2	PP-RCT	BETA MC	32	5	PN-16 S-3,2	32,3	32,5	4,4	5,0	0,368342	0,3475	0,3892	1,3	47	135	1	GRIS(BETA)	ROJO
32mm x 6m PP-RCT BETA MC PN-16 S-3,2	PP-RCT	BETA MC	32	6	PN-16 S-3,2	32,2	32,5	4,4	5,0	0,367720	0,3462	0,3892	1,3	47	135	1	GRIS(BETA)	ROJO
32mm x 5m PP-RCT BETA MC PN-12,5 S-4	PP-RCT	BETA MC	32	5	PN-12,5 S-4	32,3	32,5	3,6	4,1	0,311023	0,2925	0,3296	1,3	38	135	1	GRIS(BETA)	BLANCO
32mm x 6m PP-RCT BETA MC PN-12,5 S-4	PP-RCT	BETA MC	32	6	PN-12,5 S-4	32,3	32,5	3,6	4,1	0,311023	0,2925	0,3296	1,3	38	135	1	GRIS(BETA)	BLANCO
32mm x 5m PP-RCT BETA MC PN-10 S-5	PP-RCT	BETA MC	32	5	PN-10 S-5	32,3	32,5	2,9	3,3	0,257044	0,2413	0,2728	1,3	30	135	1	GRIS(BETA)	AZUL
32mm x 6m PP-RCT BETA MC PN-10 S-5	PP-RCT	BETA MC	32	6	PN-10 S-5	32,3	32,5	2,9	3,3	0,257044	0,2413	0,2728	1,3	30	135	1	GRIS(BETA)	AZUL
32mm x 30m PP-RCT BETA MC PN-16 S-3,2	PP-RCT	BETA MC	32	30	PN-16 S-3,2	32,3	32,5	4,4	5,0	0,368342	0,3475	0,3892	1,3	47	135	1	GRIS(BETA)	ROJO
32mm x 30m PP-RCT BETA MC PN-12,5 S-4	PP-RCT	BETA MC	32	30	PN-12,5 S-4	32,3	32,5	3,6	4,1	0,311023	0,2925	0,3296	1,3	38	135	1	GRIS(BETA)	BLANCO
32mm x 100m PP-RCT BETA MC PN-16 S-3,2	PP-RCT	BETA MC	32	100	PN-16 S-3,2	32,3	32,5	4,4	5,0	0,368342	0,3475	0,3892	1,3	47	135	1	GRIS(BETA)	ROJO
315mm x 6m PP-RCT BETA MC PN-10 S-5 	PP-RCT	BETA MC	315	6	PN-10 S-5	315,1	317,5	28,1	31,7	24,236155	22,8277	25,6446	11,1	30	135	4	GRIS(BETA)	AZUL
315mm x 5m PP-RCT BETA MC PN-16 S-3,2 	PP-RCT	BETA MC	315	5	PN-16 S-3,2	315,1	317,5	44,0	48,6	35,377827	33,7642	36,9915	11,1	47	135	4	GRIS(BETA)	ROJO
25mm x 6m PP-RCT BETA MC PN-16 S-3,2	PP-RCT	BETA MC	25	6	PN-16 S-3,2	25,2	25,5	3,5	4,0	0,229206	0,2150	0,2434	1,2	47	135	1	GRIS(BETA)	ROJO
25mm x 6m PP-RCT BETA MC PN-12,5 S-4	PP-RCT	BETA MC	25	6	PN-12,5 S-4	25,3	25,5	2,8	3,2	0,190158	0,1783	0,2020	1,2	38	135	1	GRIS(BETA)	BLANCO
25mm x 5m PP-RCT BETA MC PN-10 S-5	PP-RCT	BETA MC	25	5	PN-10 S-5	25,3	25,5	2,3	2,7	0,161994	0,1497	0,1743	1,2	30	135	1	GRIS(BETA)	AZUL
25mm x 6m PP-RCT BETA MC PN-10 S-5	PP-RCT	BETA MC	25	6	PN-10 S-5	25,3	25,5	2,3	2,7	0,161994	0,1497	0,1743	1,2	30	135	1	GRIS(BETA)	AZUL
25mm x 5m PP-RCT BETA MC PN-16 S-3,2	PP-RCT	BETA MC	25	5	PN-16 S-3,2	25,2	25,5	3,5	4,0	0,229206	0,2150	0,2434	1,2	47	135	1	GRIS(BETA)	ROJO
25mm x 6m PP-RCT BETA MC PN-16 S-3,2	PP-RCT	BETA MC	25	6	PN-16 S-3,2	25,2	25,5	3,5	4,0	0,229206	0,2150	0,2434	1,2	47	135	1	GRIS(BETA)	ROJO
25mm x 5m PP-RCT BETA MC PN-12,5 S-4	PP-RCT	BETA MC	25	5	PN-12,5 S-4	25,3	25,5	2,8	3,2	0,190158	0,1783	0,2020	1,2	38	135	1	GRIS(BETA)	BLANCO
25mm x 50m PP-RCT BETA MC PN-16 S-3,2	PP-RCT	BETA MC	25	50	PN-16 S-3,2	25,2	25,5	3,5	4,0	0,229206	0,2150	0,2434	1,2	47	135	1	GRIS(BETA)	ROJO
25mm x 50m PP-RCT BETA MC PN-12,5 S-4	PP-RCT	BETA MC	25	50	PN-12,5 S-4	25,3	25,5	2,8	3,2	0,190158	0,1783	0,2020	1,2	38	135	1	GRIS(BETA)	BLANCO
25mm x 100m PP-RCT BETA MC PN-16 S-3,2	PP-RCT	BETA MC	25	100	PN-16 S-3,2	25,3	25,5	3,5	4,0	0,229701	0,2160	0,2434	1,2	47	135	1	GRIS(BETA)	ROJO
250mm x 6m PP-RCT BETA MC PN-16 S-3,2	PP-RCT	BETA MC	250	6	PN-16 S-3,2	250,1	250,3	34,2	37,8	21,818450	20,9003	22,7366	5,0	47	135	4	GRIS(BETA)	ROJO
250mm x 6m PP-RCT BETA MC PN-10 S-5	PP-RCT	BETA MC	250	6	PN-10 S-5	250,1	252,3	22,7	25,1	15,376661	14,6114	16,1420	5,0	30	135	4	GRIS(BETA)	AZUL
250mm x 5m PP-RCT BETA MC PN-16 S-3,2	PP-RCT	BETA MC	250	5	PN-16 S-3,2	250,1	252,3	34,2	37,8	21,925445	20,9003	22,9506	5,0	47	135	4	GRIS(BETA)	ROJO
250mm x 5m PP-RCT BETA MC PN-10 S-5	PP-RCT	BETA MC	250	5	PN-10 S-5	250,1	252,3	22,7	25,1	15,376661	14,6114	16,1420	5,0	30	135	4	GRIS(BETA)	AZUL
225mm x 6m PP-RCT BETA MC PN-10 S-5	PP-RCT	BETA MC	225	6	PN-10 S-5	225,1	227,1	20,5	22,7	12,502894	11,8723	13,1335	4,5	30	135	4	GRIS(BETA)	AZUL
20mm x 5m PP-RCT BETA MC PN-16 S-3,2	PP-RCT	BETA MC	20	5	PN-16 S-3,2	20,2	20,5	2,8	3,2	0,147303	0,1379	0,1567	1,2	47	135	1	GRIS(BETA)	ROJO
20mm x 6m PP-RCT BETA MC PN-16 S-3,2	PP-RCT	BETA MC	20	6	PN-16 S-3,2	20,2	20,5	2,8	3,2	0,147303	0,1379	0,1567	1,2	47	135	1	GRIS(BETA)	ROJO
20mm x 5m PP-RCT BETA MC PN-12,5 S-4	PP-RCT	BETA MC	20	5	PN-12,5 S-4	20,3	20,5	2,3	2,7	0,126612	0,1172	0,1360	1,2	38	135	1	GRIS(BETA)	BLANCO
20mm x 6m PP-RCT BETA MC PN-12,5 S-4	PP-RCT	BETA MC	20	6	PN-12,5 S-4	20,3	20,5	2,3	2,7	0,126612	0,1172	0,1360	1,2	38	135	1	GRIS(BETA)	BLANCO
20mm x 5m PP-RCT BETA MC PN-10 S-5	PP-RCT	BETA MC	20	5	PN-10 S-5	20,3	20,5	2,0	2,3	0,111043	0,1036	0,1185	1,2	30	135	1	GRIS(BETA)	AZUL
20mm x 6m PP-RCT BETA MC PN-10 S-5	PP-RCT	BETA MC	20	6	PN-10 S-5	20,3	20,5	2,0	2,3	0,111043	0,1036	0,1185	1,2	30	135	1	GRIS(BETA)	AZUL
20mm x 200m PP-RCT BETA MC PN-16 S-3,2	PP-RCT	BETA MC	20	200	PN-16 S-3,2	20,3	20,5	2,8	3,2	0,147699	0,1387	0,1567	1,2	47	135	1	GRIS(BETA)	ROJO
20mm x 100m PP-RCT BETA MC PN-16 S-3,2	PP-RCT	BETA MC	20	100	PN-16 S-3,2	20,3	20,5	2,8	3,2	0,147699	0,1387	0,1567	1,2	47	135	1	GRIS(BETA)	ROJO
200mm x 6m PP-RCT BETA MC PN-16 S-3,2	PP-RCT	BETA MC	200	6	PN-16 S-3,2	200,1	201,8	27,4	30,3	14,051571	13,3942	14,7089	4,0	47	135	4	GRIS(BETA)	ROJO
200mm x 6m PP-RCT BETA MC PN-10 S-5	PP-RCT	BETA MC	200	6	PN-10 S-5	200,1	201,8	18,2	20,2	9,877142	9,3708	10,3834	4,0	30	135	4	GRIS(BETA)	AZUL
200mm x 5m PP-RCT BETA MC PN-16 S-3,2	PP-RCT	BETA MC	200	5	PN-16 S-3,2	200,1	201,8	27,4	30,3	14,051571	13,3942	14,7089	4,0	47	135	4	GRIS(BETA)	ROJO
200mm x 5m PP-RCT BETA MC PN-10 S-5	PP-RCT	BETA MC	200	5	PN-10 S-5	200,1	201,8	18,2	20,2	9,877142	9,3708	10,3834	4,0	30	135	4	GRIS(BETA)	AZUL
20 mm x 200m PP-RCT BETA MC PN-12,5 S-4	PP-RCT	BETA MC	20	200	PN-12,5 S-4	20,3	20,5	2,3	2,7	0,126612	0,1172	0,1360	1,2	38	135	1	GRIS(BETA)	BLANCO
16mm x 6m PP-RCT BETA MC PN-16 S-3,2	PP-RCT	BETA MC	16	6	PN-16 S-3,2	16,2	16,4	2,2	2,6	0,094371	0,0872	0,1016	1,2	47	135	1	GRIS(BETA)	ROJO
16mm x 6m PP-RCT BETA MC PN-12,5 S-4	PP-RCT	BETA MC	16	6	PN-12,5 S-4	16,2	16,4	2,0	2,3	0,086092	0,0804	0,0918	1,2	38	135	1	GRIS(BETA)	BLANCO
16mm x 200m PP-RCT BETA MC PN-16 S-3,2	PP-RCT	BETA MC	16	200	PN-16 S-3,2	16,2	16,4	2,2	2,6	0,094371	0,0872	0,1016	1,2	47	135	1	GRIS(BETA)	ROJO
16mm x 200m PP-RCT BETA MC PN-12,5 S-4	PP-RCT	BETA MC	16	200	PN-12,5 S-4	16,2	16,4	2,0	2,3	0,086092	0,0804	0,0918	1,2	38	135	1	GRIS(BETA)	BLANCO
160mm x 6m PP-RCT BETA MC PN-16 S-3,2	PP-RCT	BETA MC	160	6	PN-16 S-3,2	160,1	161,5	21,9	24,2	8,985992	8,5670	9,4050	3,2	47	135	4	GRIS(BETA)	ROJO
160mm x 6m PP-RCT BETA MC PN-12,5 S-4	PP-RCT	BETA MC	160	6	PN-12,5 S-4	160,1	161,5	17,9	19,8	7,573254	7,2049	7,9416	3,2	38	135	4	GRIS(BETA)	BLANCO
160mm x 6m PP-RCT BETA MC PN-10 S-5	PP-RCT	BETA MC	160	6	PN-10 S-5	160,1	161,5	14,6	16,2	6,337878	6,0130	6,6628	3,2	30	135	2	GRIS(BETA)	AZUL
125mm x 6m PP-RCT BETA MC PN-16 S-3,2	PP-RCT	BETA MC	125	6	PN-16 S-3,2	125,1	126,2	17,1	19,0	5,496406	5,2275	5,7653	2,5	47	135	4	GRIS(BETA)	ROJO
125mm x 6m PP-RCT BETA MC PN-12,5 S-4	PP-RCT	BETA MC	125	6	PN-12,5 S-4	125,1	126,2	14,0	15,5	4,629755	4,4027	4,8568	2,5	38	135	2	GRIS(BETA)	BLANCO
125mm x 6m PP-RCT BETA MC PN-10 S-5	PP-RCT	BETA MC	125	6	PN-10 S-5	125,1	126,2	11,4	12,7	3,874530	3,6689	4,0801	2,5	30	135	2	GRIS(BETA)	AZUL
110mm x 6m PP-RCT BETA MC PN-16 S-3,2	PP-RCT	BETA MC	110	6	PN-16 S-3,2	110,1	111,0	15,1	16,8	4,270004	4,0605	4,4796	2,2	47	135	2	GRIS(BETA)	ROJO
110mm x 6m PP-RCT BETA MC PN-12,5 S-4	PP-RCT	BETA MC	110	6	PN-12,5 S-4	110,1	111,0	12,3	13,7	3,589095	3,4050	3,7732	2,2	38	135	2	GRIS(BETA)	BLANCO
20mm x 6m PP-H PN-10 S-5	PP-H	PP-H	20	6	PN-10 S-5	20,3	20,5	1,9	2,3	0,109205	0,0994	0,1190	1,2	32	135	1	BEIGE(PP-H)	SIN LÍNEA
20mm x 6m PP-H PN-16 S-3,2	PP-H	PP-H	20	6	PN-16 S-3,2	20,2	20,5	2,8	3,2	0,369978	0,3490	0,1567	1,2	65,6	150	1	GRIS(PP-H)	SIN LÍNEA
